AGUXS;city-express-aguascalientes-sur
TRIBC;courtyard-sugar-mountain-banner-elk
YYZTS;towneplace-suites-mississauga-airport-corporate-centre
SVQDS;hospes-las-casas-del-rey-de-baeza-seville-a-member-of-design-hotels
NYCTL;towneplace-suites-new-york-manhattan-chelsea
CVGDX;moxy-cincinnati-downtown
HDOCY;courtyard-ghaziabad-india
LANTC;towneplace-suites-lansing-north
PARDS;la-maison-champs-elysees-paris-a-member-of-design-hotels
SJDLS;the-residences-at-solaz-a-luxury-collection-resort-los-cabos
MFEDS;verta-hotel-mcallen
UIODS;carlota-a-member-of-design-hotels
CHIAC;ac-hotel-chicago-downtown
LRDSH;springhill-suites-laredo
CUUFP;four-points-distrito-uno-chihuahua
VPSWF;fairfield-inn-and-suites-fort-walton-beach-hurlburt-area
MAMXM;city-express-matamoros
SJOFP;four-points-san-jose-costa-rica
LASPR;springhill-suites-las-vegas-convention-center
TPECD;courtyard-taipei-downtown
KMQKU;four-points-flex-kanazawa
CJSCY;courtyard-ciudad-juarez
BKISI;sheraton-kota-kinabalu
PAROL;moxy-paris-val-deurope
VBSBR;ac-hotel-brescia
HKTMB;phuket-marriott-resort-and-spa-merlin-beach
LWSCY;courtyard-lewiston
CAEOD;moxy-columbia-downtown
XMNAX;aloft-xiamen-xiangan
MIGFP;four-points-mianyang
MDEWT;wake-biohotel-a-member-of-design-hotels
MEXIS;sheraton-mexico-city-maria-isabel-hotel
BOMAW;moxy-mumbai-andheri-west
VSAXP;city-express-paraiso
BJXXS;city-express-salamanca
DATFP;four-points-datong-pingcheng
ALBCS;ac-hotel-saratoga-springs
BOICT;towneplace-suites-caldwell
JKTKJ;aloft-jakarta-kebon-jeruk
MTYPG;city-express-plus-monterrey-galerias
BKKFO;four-points-bangkok-sukhumvit-22
FRARI;residence-inn-frankfurt-city-center
FAOAA;the-westin-salgados-beach-resort-algarve
MCOLY;courtyard-orlando-lake-buena-vista-in-the-marriott-village
URCFB;fairfield-urumqi-beijing-road
MIAES;sheraton-miami-airport-hotel-and-executive-meeting-center
CUNPY;courtyard-playa-del-carmen-quintana-roo
OSAKS;courtyard-kyoto-shijo-karasuma
BHXBM;billesley-manor-hotel-and-spa-a-tribute-portfolio-hotel
DPSCL;courtyard-nusa-lembongan-bali-resort
CWLSD;delta-hotels-swansea
PTYMD;le-meridien-panama
SDQJW;jw-marriott-hotel-santo-domingo
PARCC;courtyard-paris-creteil
FLLWH;w-fort-lauderdale
CHQTT;the-tanneries-hotel-and-spa-a-member-of-design-hotels
NGSMC;nagasaki-marriott-hotel
BOBWI;the-westin-bora-bora-resort-and-spa
GGGRI;residence-inn-longview
TLVTX;gymnasia-isrotel-a-tribute-portfolio-hotel
SJOAR;ac-hotel-san-jose-escazu
KCHSI;sheraton-kuching-hotel
DALCL;marriott-dallas-las-colinas
PYXNP;courtyard-north-pattaya
BNARM;residence-inn-nashville-metro-center
WASAD;ac-hotel-washington-dc-downtown
YULAK;humaniti-hotel-montreal-autograph-collection
LCAAN;amyth-of-nicosia-a-member-of-design-hotels
SANDT;marriott-marquis-san-diego-marina
TAOCF;fairfield-qingdao-west-coast
CKGYF;fairfield-chongqing-yubei
HOUFG;fairfield-inn-and-suites-galveston
ROMCA;ac-hotel-clodio-roma
GGGTS;towneplace-suites-longview
AMSRA;renaissance-amsterdam-schiphol-airport-hotel
YIWHF;fairfield-hengdian
HOUBS;courtyard-houston-west-university
DENFH;springhill-suites-fort-collins
AQAOM;test-westin-hotel-two-for-alpha
BRICP;cala-ponte-a-tribute-portfolio-hotel
SSHBR;renaissance-sharm-el-sheikh-golden-view-beach-resort
LOPSL;somewhere-lombok-a-member-of-design-hotels
BOGAK;the-artisan-dc-hotel-autograph-collection
WASDC;residence-inn-washington-dc-downtown
HOUWM;houston-marriott-westchase
VIEAT;vienna-marriott-hotel
RMIAS;lyra-hotel-rimini-fiera-series
RIZCY;courtyard-rizhao
ISTAC;ac-hotel-istanbul-macka
MIAEM;element-miami-doral
MRSAR;ac-hotel-marseille-prado-velodrome
WUXSF;fairfield-suzhou-xiangcheng
AUSMD;austin-marriott-downtown
DPSJL;karv-a-luxury-collection-resort-and-spa-jimbaran-bali
NYCMH;courtyard-new-york-manhattan-upper-east-side
TYOMH;hotel-the-mitsui-hakone-a-luxury-collection-hotel-and-spa
YYTSI;sheraton-hotel-newfoundland
DXBMD;le-meridien-dubai-hotel-and-conference-centre
DTWTO;towneplace-suites-detroit-taylor
KLXLC;the-romanos-a-luxury-collection-resort-costa-navarino
BJSXF;fairfield-xiongan
WASZG;citizenm-washington-dc-georgetown
SQDFI;fairfield-shangrao-xinzhou
MANMP;manchester-marriott-hotel-piccadilly
FLLMM;courtyard-fort-lauderdale-sw-miramar
FLLLD;fairfield-inn-and-suites-fort-lauderdale-downtown-las-olas
CZXQL;the-quchaninner-liyang-autograph-collection
MLEWH;w-maldives
RTMCM;citizenm-rotterdam
YYZVP;four-points-oakville
JAXSC;ac-hotel-st-augustine-downtown
WASYV;courtyard-washington-downtown-convention-center
LPABS;bohemia-suites-and-spa-a-member-of-design-hotels
MRUMD;le-meridien-ile-maurice
PRGPZ;courtyard-pilsen
CTUFF;fairfield-chengdu-fenghuangshan-sports-park
PUJXR;the-st-regis-cap-cana-resort
TVCFT;fairfield-inn-and-suites-traverse-city
PARDF;citizenm-paris-la-defense
FUOJP;four-points-jiangmen-downtown
MLEJS;jw-marriott-maldives-resort-and-spa
PDLDE;delta-hotels-azores
ZRHAK;kameha-grand-zurich-autograph-collection
SAVEM;element-savannah-midtown
LASJW;jw-marriott-las-vegas-resort-and-spa
LAXNB;vea-newport-beach-a-marriott-resort-and-spa
EYWFK;fairfield-inn-and-suites-key-west-at-the-keys-collection
BWIUL;hotel-ulysses-a-member-of-design-hotels
LRDCY;courtyard-laredo
AGPWI;the-westin-la-quinta-golf-resort-and-spa-benahavis-marbella
YTRTS;towneplace-suites-belleville
MADAT;ac-hotel-atocha
VLCVA;ac-hotel-valencia
MCOCA;castle-hotel-autograph-collection
YAMDS;delta-hotels-sault-ste-marie-waterfront
SHAFL;fairfield-shanghai-lingang-special-area
INDPF;fairfield-inn-and-suites-indianapolis-plainfield
PWMFH;springhill-suites-freeport-brunswick
SSHSI;sheraton-sharm-hotel-resort-villas-and-spa
KULPJ;petaling-jaya-marriott-hotel
ATLHF;fairfield-inn-and-suites-bethlehem-ga
LHRCY;courtyard-london-heathrow-airport
CKGGB;majestang-hotel-chongqing-a-tribute-portfolio-hotel
YKFDW;delta-hotels-waterloo
SLPPS;city-express-plus-san-luis-potosi
WUXPS;four-points-suzhou-south
NYCFM;fairfield-inn-and-suites-new-york-manhattan-downtown-east
FAOPL;pine-cliffs-hotel-a-luxury-collection-resort-algarve
BUEPX;city-express-plus-buenos-aires-palermo
PNSTP;towneplace-suites-pensacola-west-i-10
NRNNT;the-rebyl-nijmegen-a-tribute-portfolio-hotel
DUSOX;moxy-essen-city
KWLDP;four-points-guilin-central
AMAXN;city-express-amarillo-northwest
LITFD;fairfield-inn-and-suites-little-rock-downtown
SNAXE;city-express-santa-ana-orange-county-airport
PTYLC;the-santa-maria-a-luxury-collection-hotel-and-golf-resort-panama-city
VPSNR;residence-inn-navarre-waterfront
HAKAP;four-points-haikou-international-airport
GEGCR;residence-inn-coeur-dalene
MTYXC;city-express-monterrey-santa-catarina
SJUTX;hotel-rumbao-a-tribute-portfolio-hotel
ZNZBM;maya-resort-zanzibar-a-tribute-portfolio-hotel
INDWT;towneplace-suites-west-lafayette
YNTZP;four-points-yantai-zhifu
CMHGX;city-express-grove-city
MCODF;fairfield-inn-and-suites-davenport
HGHGB;grand-new-century-hotel-hangzhou-boao-a-tribute-portfolio-hotel
EWRPA;four-points-newark-airport
SATSR;residence-inn-san-antonio-seaworld-lackland
SATKD;plaza-san-antonio-hotel-and-spa-autograph-collection
TIRCY;courtyard-tirupati
LONCH;london-marriott-hotel-county-hall
PTYRI;residence-inn-panama-city
SANGE;gaylord-pacific-resort-and-convention-center
YRVFI;fairfield-inn-and-suites-revelstoke
SELCS;courtyard-seoul-botanic-park
SHAHH;habo-hotel-shanghai-a-member-of-design-hotels
YYZMU;residence-inn-mississauga-airport-corporate-centre-west
YULLC;courtyard-montreal-laval
HOUUP;houston-uptown-a-tribute-portfolio-hotel
WUXHF;fairfield-huzhou-nanxun
DTWRP;residence-inn-ann-arbor-south
YZZAK;the-josie-hotel-autograph-collection
JGARJ;the-fern-residency-jamnagar-series
MUCOM;moxy-munich-messe
ZUHXA;aloft-zhuhai-xiangzhou
PTYMM;courtyard-panama-metromall
PARCP;four-points-paris-charles-de-gaulle-airport
IXKRS;the-fern-residency-somnath-series
AUHSI;sheraton-abu-dhabi-hotel-and-resort
HHNBS;bollants-spa-im-park-autograph-collection
BFSLT;aloft-belfast-titanic-quarter
HOUKE;the-greenleigh-river-oaks-autograph-collection
RNOGR;marriott-grand-residence-club-lake-tahoe
LASAR;aria-resort-and-casino-autograph-collection
FLLCY;courtyard-fort-lauderdale-east-lauderdale-by-the-sea
SATSN;springhill-suites-san-antonio-northwest-at-the-rim
ATLTF;towneplace-suites-atlanta-fairburn
MILOX;moxy-milan-malpensa-airport
CUNCY;courtyard-cancun-airport
JAXSX;city-express-st-augustine
REFMC;marriott-corrientes
YIWLM;lishui-marriott-hotel
YULAP;courtyard-montreal-airport
PUJFP;four-points-puntacana-village
SJWDU;four-points-shijiazhuang-downtown
YYZEL;element-vaughan-southwest
FLLTW;towneplace-suites-fort-lauderdale-weston
HGHSM;le-meridien-shaoxing-yuecheng
SHAEB;the-shanghai-edition
MEXXE;city-express-ebc-reforma
AQAOJ;test-courtyard-hotel-for-alpha
WASFG;residence-inn-washington-dc-foggy-bottom
CLLHB;lasalle-hotel-bryan-a-tribute-portfolio-hotel
IXYRK;the-fern-royal-farm-resort-anjar-series
CTULW;four-points-leshan
YXSCY;courtyard-prince-george
MSYXE;city-express-new-orleans-i-10
LONGH;jw-marriott-grosvenor-house-london
HSNPF;fairfield-zhoushan-putuo
NYCGC;courtyard-new-york-world-trade-center-area
HNMAC;ac-hotel-by-marriott-maui-wailea
FRATX;gekko-house-frankfurt-a-tribute-portfolio-hotel
TRCMC;torreon-marriott-hotel
EVVNS;springhill-suites-newburgh-evansville
MFECY;courtyard-mcallen-airport
KULSI;sheraton-imperial-kuala-lumpur-hotel
LASHH;residence-inn-las-vegas-hughes-center
TYOYU;four-points-flex-yokohama-west
ATLNI;studiores-newnan
PAROB;moxy-paris-bastille
LASSG;the-signature-at-mgm-grand
UIOCY;courtyard-quito-airport
SHASM;shanghai-marriott-hotel-songjiang
ROMDS;g-rough-rome-a-member-of-design-hotels
BRECY;courtyard-bremen
AQAXN;ce-growth-test-hotel
LONHY;hyde-and-seek-london-hyde-park-a-tribute-portfolio-hotel
TYOHU;four-points-flex-tokyo-higashi-kanda
DENUS;woolleys-classic-suites
PARRN;residence-inn-paris-didot-montparnasse
BWINR;towneplace-suites-annapolis
MGACR;city-centro-la-recoleccion-nicaragua
MEXVJ;courtyard-mexico-city-vallejo
SATMA;marriott-san-antonio-airport
PHFNA;towneplace-suites-newport-news-airport
SMFNN;aloft-sacramento-airport-natomas
SOFBS;four-points-bansko
HKTJW;jw-marriott-phuket-resort-and-spa
SEAWF;seattle-marriott-waterfront
YVRBR;metropolitan-hotel-vancouver
WNZFP;four-points-qingtian
DXBZR;marriott-executive-apartments-sheikh-zayed-road-dubai
LASEX;excalibur-hotel-and-casino-mgm-collection
YHMBF;towneplace-suites-brantford-and-conference-centre
NCLDD;delta-hotels-durham-royal-county
ATLSD;springhill-suites-atlanta-downtown
CANHF;fairfield-guangzhou-huadu
AUACY;courtyard-aruba-resort
BOSNS;citizenm-boston-north-station
SAVRC;courtyard-richmond-hill
RIOCY;courtyard-rio-de-janeiro-barra-da-tijuca
PGVWF;fairfield-inn-and-suites-weldon
XIYMH;xian-marriott-hotel-high-tech-zone
FUONJ;four-points-foshan-jiujiang
SHAZR;marriott-executive-apartments-shanghai-zhangjiang
PARSD;courtyard-paris-saint-denis
AZOBR;residence-inn-battle-creek
RIOMC;jw-marriott-hotel-rio-de-janeiro
MXLPM;city-express-plus-mexicali
IAHAP;houston-airport-marriott-at-george-bush-intercontinental
HRGSI;sheraton-miramar-resort-el-gouna
MCISL;towneplace-suites-lees-summit
YLWWK;towneplace-suites-west-kelowna
CAECH;springhill-suites-camden
IAHSH;springhill-suites-houston-intercontinental-airport
BOSCS;sheraton-commander-hotel
SJOLS;los-suenos-marriott-ocean-and-golf-resort
PHXFO;fairfield-inn-and-suites-phoenix-west-chandler
YKAFI;fairfield-inn-and-suites-kamloops
LENPO;ac-hotel-ponferrada
FRADT;frankfurt-marriott-hotel
CHSEA;element-charleston-airport
MHGOU;four-points-flex-ostringen
HNLAK;the-laylow-autograph-collection
LAXCY;courtyard-los-angeles-lax-century-boulevard
ALCMM;denia-marriott-la-sella-golf-resort-and-spa
TIJXS;city-express-rosarito
DELMO;jim-corbett-marriott-resort-and-spa
IXJMC;katra-marriott-resort-and-spa
MCORP;marriotts-royal-palms
AQAFS;jw-marriott-fspms-test-hotel
KRKHP;h15-palace-a-luxury-collection-hotel-krakow
YMYMT;residence-inn-mont-tremblant-manoir-labelle
TGZJP;city-express-junior-tuxtla-gutierrez-poliforum
DALEF;fairfield-inn-and-suites-desoto-dallas-south
PARAL;ac-hotel-paris-le-bourget-airport
IXRCY;courtyard-ranchi
LGKWI;the-westin-langkawi-resort-and-spa
PMISI;sheraton-mallorca-arabella-golf-hotel
BOSCH;marriott-vacation-club-pulse-at-custom-house-boston
JAXBS;springhill-suites-jacksonville-beach-oceanfront
MSYEJ;the-eliza-jane-autograph-collection
GOAHW;hotel-windsor-a-member-of-design-hotels
THQFP;four-points-tianshui
PVRMI;marriott-playa-vallarta-an-all-inclusive-resort
BKKMR;montien-riverside-hotel-bangkok
GYESI;sheraton-guayaquil-hotel
AGPLD;grand-hotel-las-dunas-autograph-collection
SJDLC;solaz-a-luxury-collection-resort-los-cabos
BRUAK;cardo-brussels-autograph-collection
BOGFI;fairfield-bogota-embajada
BLLHF;four-points-flex-horsens
SHEFR;fairfield-shenyang-railway-station
PUJRB;royalton-bavaro-an-autograph-collection-all-inclusive-resort-and-casino
PPEXC;city-express-caborca
BSLND;nomad-design-and-lifestyle-hotel-a-member-of-design-hotels
FLLRP;renaissance-fort-lauderdale-west-hotel
YNZDF;fairfield-yancheng-dafeng
AMDLM;le-meridien-ahmedabad
GROFV;finca-victoria-a-member-of-design-hotels
YHZFP;four-points-halifax
MUCZR;residence-inn-munich-central
ASUAL;aloft-asuncion
STVRK;the-fern-vishranta-resort-kamrej-surat-series
BUSRH;rooms-batumi-a-member-of-design-hotels
WASWE;washington-marriott-georgetown
SATTD;towneplace-suites-san-antonio-downtown-riverwalk
FRAAS;sheraton-frankfurt-airport-hotel-and-conference-center
IAGIF;fairfield-niagara-falls-canada
CMNVS;villa-sahrai-a-member-of-design-hotels
YQGTT;towneplace-suites-tecumseh-windsor
SANMM;courtyard-san-diego-sorrento-valley
BERMH;the-mandala-berlin-a-member-of-design-hotels
EDIOC;old-town-chambers-autograph-collection
FLRXR;the-st-regis-florence
NYCFT;fairfield-inn-and-suites-new-york-manhattan-central-park
CAIBR;renaissance-cairo-mirage-city-hotel
LIMRA;aloft-lima-miraflores
HKGAK;the-park-lane-hong-kong-autograph-collection
GVACX;moxy-annecy
RDUFF;fairfield-inn-and-suites-durham
GCMGC;grand-cayman-marriott-resort
LASCH;courtyard-las-vegas-convention-center
SOUOX;moxy-southampton
LHRSI;sheraton-heathrow-hotel
CUNAL;aloft-cancun
MIABA;aloft-miami-brickell
MOBST;studiores-mobile
PAROP;citizenm-paris-opera
YEGWF;four-points-sherwood-park
MADFT;eugenia-de-montijo-autograph-collection
FUOTF;fairfield-taishan
TAOMC;qingdao-marriott-hotel-jiaozhou
KWLAY;aurua-yangshuo-sugar-house-a-member-of-design-hotels
SCKTT;towneplace-suites-tracy
MFERI;residence-inn-mcallen
BQNCY;courtyard-aguadilla
PFOPA;almyra-a-member-of-design-hotels
MILMI;ac-hotel-milano
ROMAB;sina-bernini-bristol-autograph-collection
ABZOX;moxy-aberdeen-airport
SATCD;courtyard-san-antonio-downtown-market-square
NCEAC;ac-hotel-nice
PNQRD;the-fern-samali-resort-dapoli-series
BWIEX;city-express-elkridge
CMEJC;city-express-junior-ciudad-del-carmen
MIAFA;four-points-by-sheraton-miami-airport
HSNZF;fairfield-zhoushan-daishan
DTWRR;residence-inn-detroit-dearborn
BCNDL;ac-hotel-diagonal-lilla
CPHOX;moxy-copenhagen
PARPR;renaissance-paris-republique-hotel
HOUSL;houston-marriott-sugar-land
SMVDS;giardino-mountain-champfer-a-member-of-design-hotels
ONTBB;postcard-cabins-big-bear-outdoor-collection-bonvoy
LJUFP;four-points-ljubljana-mons
ISKFR;rakabi-the-fern-igatpuri-series
NYCYS;sheraton-brooklyn-new-york-hotel
LNSTS;towneplace-suites-lancaster
MXLCY;courtyard-mexicali
SPUMD;le-meridien-lav-split
BCNSA;ac-hotel-sants
YWATS;towneplace-suites-petawawa
CTUTF;fairfield-chengdu-tianfu-square
HOUAK;hotel-icon-autograph-collection
SATTN;towneplace-suites-san-antonio-northwest
YEGEC;delta-hotels-edmonton-centre-suites
SANTD;towneplace-suites-san-diego-downtown
MIALD;brickell-arch-a-luxury-collection-hotel-miami
JHGXP;four-points-xishuangbanna
GPADS;dexamenes-seaside-hotel-a-member-of-design-hotels
YQRCY;courtyard-regina-downtown
PNQRR;the-fern-riverview-resort-chiplun-series
LONTL;citizenm-tower-of-london
LISXA;moxy-alfragide-lisboa
SLPCL;city-centro-san-luis-potosi
DNHFP;four-points-dunhuang
LIMLM;courtyard-lima-miraflores
LISEI;immerso-hotel-a-member-of-design-hotels
CHICO;springhill-suites-chicago-ohare
SBZSS;courtyard-downtown-sibiu
LILRI;residence-inn-lille
YQTTS;towneplace-suites-thunder-bay
SHAIP;four-points-shanghai-international-tourism-and-resorts-zone
ISKFH;the-fern-heaven-on-the-hills-hatgad-saputara-series-
VERDE;delta-hotels-riviera-veracruz
PDXNF;fairfield-inn-and-suites-portland-newberg
SINTX;varel-singapore-a-tribute-portfolio-hotel
LASFN;fairfield-inn-and-suites-las-vegas-north
CUNFP;four-points-cancun-centro
YEGBR;renaissance-edmonton-airport-hotel
BERAK;roomers-berlin-steinplatz-autograph-collection
MANWP;delta-hotels-worsley-park-country-club
GOAGE;ac-hotel-genova
DALDN;towneplace-suites-denton
HHHVI;marriotts-grande-ocean
LRUCY;courtyard-by-marriott-las-cruces-at-nmsu
NYCMM;renaissance-new-york-chelsea-hotel
KULEH;else-kuala-lumpur-a-member-of-design-hotels
MILDS;c-hotel-and-spa-cassago-brianza-a-member-of-design-hotels
YXECY;courtyard-saskatoon-airport
MILCB;casa-brera-a-luxury-collection-hotel-milan
RMQTL;aloft-taichung
DOHEL;element-west-bay-doha
ACHSZ;seegut-zeppelin-a-member-of-design-hotels
RIOSI;sheraton-grand-rio-hotel-and-resort
PVDST;towneplace-suites-seekonk
YHZRD;residence-inn-halifax-dartmouth
HYNLU;four-points-linhai
SAPAL;aloft-san-pedro-sula
NCEHJ;yelo-jean-medecin-hotel-sonder
GRXPA;hotel-palacio-de-santa-paula-autograph-collection
MCOBN;courtyard-orlando-lake-buena-vista-at-vista-centre
YYZSB;delta-hotels-toronto-east
SKBRB;st-kitts-marriott-resort-and-the-royal-beach-casino
GNEMC;ghent-marriott-hotel
BOSFP;residence-inn-boston-downtown-seaport
GDLPE;city-express-plus-guadalajara-expo
YULFD;fairfield-montreal-downtown
YYCBV;delta-hotels-calgary-downtown
PVRDE;delta-hotels-riviera-nayarit-an-all-inclusive-resort
MCOCH;courtyard-orlando-airport
SXBAR;ac-hotel-strasbourg
MEXLC;las-alcobas-a-luxury-collection-hotel-mexico-city
LSQFP;four-points-by-sheraton-los-angeles
JMKLC;santa-marina-a-luxury-collection-resort-mykonos
SRQRS;studiores-sarasota
YYZWI;the-westin-harbour-castle-toronto
PWMXT;moxy-portland-thompsons-point
PHXDF;fairfield-inn-and-suites-scottsdale-old-town
YYZFV;four-points-vaughan
LONEU;four-points-flex-london-euston
BOBXR;the-st-regis-bora-bora-resort
VPSDT;towneplace-suites-miramar-beach-destin
MUCRP;four-points-regensburg
NKGYF;fairfield-nanjing-yuhuatai
COSTF;towneplace-suites-colorado-springs-i-25-south
YQRFP;four-points-regina
DUBDT;the-shelbourne-autograph-collection
SANCM;courtyard-san-diego-mission-valley-hotel-circle
TBSKR;rooms-kazbegi-a-member-of-design-hotels
YOWFI;fairfield-inn-and-suites-ottawa-kanata
PHXOE;residence-inn-phoenix-southeast
CHIRL;residence-inn-chicago-downtown-loop
CHINO;the-westin-chicago-river-north
DXBMS;le-meridien-mina-seyahi-beach-resort-and-waterpark
SATAP;residence-inn-san-antonio-airport-alamo-heights
TMCCK;cap-karoso-a-member-of-design-hotels
CLETM;towneplace-suites-painesville-mentor
CPHRF;four-points-flex-roskilde
TBSOX;moxy-tbilisi
YULMA;montreal-airport-marriott-in-terminal-hotel
FJRMD;le-meridien-al-aqah-beach-resort
WNZGN;grand-new-century-hotel-wenzhou-a-tribute-portfolio-hotel
BHXJQ;four-points-flex-birmingham-jewellery-quarter
BOSSF;fairfield-inn-and-suites-stoughton
LAXMP;courtyard-los-angeles-monterey-park
UBJSN;soil-nagatoyumoto-a-member-of-design-hotels
DALMN;ac-hotel-mckinney
YYJFP;four-points-victoria-gateway
FLRCC;chapter-chianti-a-member-of-design-hotels
EMLBR;renaissance-lucerne-hotel
SHAXX;moxy-shanghai-putuo
OPOGT;origine-porto-gaia-a-tribute-portfolio-hotel
ELPSE;springhill-suites-el-paso
AYTCF;four-points-flex-antalya-lara
YULAL;aloft-montreal-airport
MTYXT;city-express-monterrey-lindavista
KULOX;moxy-putrajaya
DPSBB;the-bohemian-bali-a-member-of-design-hotels
YYZDL;delta-hotels-toronto
MIAXR;the-st-regis-bal-harbour-resort
BCNTX;labtwentytwo-barcelona-a-tribute-portfolio-hotel
MUCMR;residence-inn-munich-ostbahnhof
HAJGN;freigeist-gottingen-nordstadt-a-member-of-design-hotels
TLCXT;city-express-toluca
YEGWO;towneplace-suites-edmonton-sherwood-park
BOGPO;city-express-plus-bogota-aeropuerto
WUXSS;sheraton-suzhou-yangcheng-lake
CTUHT;chengdu-marriott-hotel-high-tech-zone-west
HOUCN;courtyard-houston-nw-290-corridor
BCNVP;four-points-barcelona-airport
PMIXR;the-st-regis-mardavall-mallorca-resort
VICVI;ac-hotel-vicenza
FNTAH;hotel-auburn-hills
MADTO;ac-hotel-ciudad-de-toledo
OAXCO;city-centro-oaxaca
BRSDE;delta-hotels-bristol-city-centre
CWLSU;four-points-flex-cardiff
RICTX;the-publisher-downtown-fredericksburg-a-tribute-portfolio-hotel
CDCBH;springhill-suites-bryce-canyon
DPSUW;renaissance-bali-uluwatu-resort-and-spa
DUSCY;courtyard-duesseldorf-seestern
DPSXR;the-st-regis-bali-resort
ROMWI;the-westin-excelsior-rome
HOUAC;ac-hotel-houston-downtown
GSODX;city-express-danville
MRSDA;domaine-des-andeols-a-member-of-design-hotels
YYZCC;toronto-marriott-city-centre-hotel
LPAGR;ac-hotel-gran-canaria
YULDT;courtyard-montreal-downtown
WUXSK;ac-hotel-suzhou-industrial-park
CKGNU;four-points-chongqing-north-railway-station
NGBCH;courtyard-ningbo-hangzhou-bay
EGEAK;beaver-creek-lodge-autograph-collection
MTTXT;city-express-minatitlan
MGMMT;towneplace-suites-millbrook-prattville
CKGDS;sheraton-chongqing-west
CUZMC;jw-marriott-el-convento-cusco
CAIMD;le-meridien-pyramids-hotel-and-spa
INDWF;fairfield-inn-and-suites-whitestown-indianapolis-nw
LASBR;renaissance-las-vegas-hotel
JMKRM;rocabella-mykonos-hotel-a-member-of-design-hotels
SVQTX;los-seises-sevilla-a-tribute-portfolio-hotel
NGOXF;four-points-flex-nagoya-station
SLPAC;ac-hotel-san-luis-potosi
HFEPF;four-points-hefei-feidong
YHZCY;courtyard-halifax-downtown
YOWMC;ottawa-marriott-hotel
OSASS;sugata-hotel-osaka-shinsaibashi-series
YVRWI;the-westin-bayshore-vancouver
MUCSB;arabella-alpenhotel-am-spitzingsee-a-tribute-portfolio-hotel
LAXRR;renaissance-los-angeles-airport-hotel
CXRJW;jw-marriott-cam-ranh-bay-resort-and-spa
BDAXR;the-st-regis-bermuda-resort
HAMFO;moxy-hamburg-finkenwerder
RUHOW;rosh-olaya
HOUGW;the-westin-galleria-houston
PTYAL;aloft-panama
LIREL;el-mangroove-autograph-collection
GVAMB;hotel-borsari-a-member-of-design-hotels
EDIHW;courtyard-edinburgh-west
MSNFS;fairfield-inn-and-suites-madison-south
HKGWH;w-hong-kong
TZXRI;residence-inn-trabzon
CHIBH;the-wade
LCGCO;ac-hotel-a-coruna
YYCCS;courtyard-calgary-south
OAXOO;otro-oaxaca-a-member-of-design-hotels
SAVFP;fairfield-inn-and-suites-savannah-pooler
CHIRN;residence-inn-chicago-downtown-river-north
TQOBA;bloom-tulum-apartments-bonvoy
WASFX;visitation-hotel-frederick-a-tribute-portfolio-hotel
MKEBY;courtyard-milwaukee-brookfield-at-poplar-creek
RSWNA;residence-inn-naples
SJUPR;san-juan-marriott-resort-and-stellaris-casino
SNAAO;springhill-suites-anaheim-maingate
BIOLC;hotel-marques-de-riscal-a-luxury-collection-hotel-elciego
GEOFP;four-points-georgetown
KMJFI;fairfield-kumamoto-aso
YRQDR;delta-hotels-trois-rivieres-conference-centre
BOMMN;navi-mumbai-marriott-hotel
MCOGV;marriotts-grande-vista
GFKOA;the-olive-ann-hotel-grand-forks-a-tribute-portfolio-hotel
CMEJO;city-express-junior-ciudad-del-carmen-aeropuerto
ELPTX;marriott-el-paso
ANCMT;courtyard-midtown-anchorage
BCNFP;four-points-barcelona-diagonal
OSAUU;four-points-flex-osaka-umeda
YHZLC;muir-a-luxury-collection-hotel-halifax
LNKRD;residence-inn-lincoln-downtown
LONTP;delta-hotels-tudor-park-country-club
NYCJJ;courtyard-new-york-manhattan-midtown-west
PBCXX;city-express-apizaco
CUNIM;almare-a-luxury-collection-resort-isla-mujeres-cancun-adult-all-inclusive
MADSE;ac-hotel-san-sebastian-de-los-reyes
DADER;marriott-executive-apartments-danang-han-river
HKDXF;four-points-flex-hakodate-station
PGAKS;springhill-suites-kanab
DTWKD;hotel-david-whitney-autograph-collection
MCOSR;renaissance-orlando-at-seaworld
HMOCY;courtyard-hermosillo
HGHDM;deqing-marriott-hotel
UKBCY;courtyard-kobe
BAQFP;four-points-barranquilla
DXBAK;lapita-dubai-parks-and-resorts-autograph-collection
FAOPC;pine-cliffs-ocean-suites-a-luxury-collection-resort-and-spa-algarve
SVQAS;querencia-de-sevilla-autograph-collection
SAVPE;element-pooler-savannah-airport
SJUFP;four-points-caguas-real-hotel-and-casino
YYZMR;toronto-marriott-markham
CUNPC;planet-hollywood-cancun-an-autograph-collection-all-inclusive-resort
PRGDT;prague-marriott-hotel
VLCAK;palacio-santa-clara-autograph-collection
VERXX;city-express-xalapa
MIAWC;citizenm-miami-worldcenter
CHSFD;fairfield-inn-and-suites-charleston-downtown
VLCWI;the-westin-valencia
SZXFL;fairfield-shenzhen-longgang
BJSBC;renaissance-beijing-capital-hotel
YYCSC;sheraton-cavalier-calgary-hotel
BRUMT;courtyard-brussels-eu
FLLSB;fort-lauderdale-marriott-harbor-beach-resort-and-spa
HOUWT;residence-inn-houston-westchase-on-westheimer
DYGTF;fairfield-zhangjiajie-tianmen-mountain
BOSCD;ac-hotel-boston-downtown
JAIFE;the-fern-jaipur-series
ASEXR;the-st-regis-aspen-resort
YVRSF;four-points-surrey
YQMFP;four-points-moncton
BJXXC;city-express-celaya-parque
PMIRA;es-raco-darta-a-member-of-design-hotels
ACHGT;gasthaus-traube-a-member-of-design-hotels
JAIWK;the-westin-jaipur-kant-kalwar-resort-and-spa
MDELG;luxe-by-the-charlee
BDQFA;the-fern-residency-vadodara-alkapuri-series
FRAOX;moxy-frankfurt-airport
CPHKF;four-points-flex-koge
WASCO;marriott-marquis-washington-dc
AMSSA;citizenm-amsterdam-airport-schiphol
BJXXM;city-express-lagos-de-moreno
SATFA;fairfield-inn-and-suites-san-antonio-airport-north-star-mall
GDLAC;ac-hotel-guadalajara-mexico
MANRI;residence-inn-manchester-piccadilly
STVMD;le-meridien-surat
MEMDM;memphis-riverline-hotel
MKEBI;residence-inn-milwaukee-brookfield-at-poplar-creek
ATLBZ;springhill-suites-braselton
HERSM;vasia-resort-and-spa-sissi-crete
BNAOF;fairfield-inn-and-suites-antioch
WASXE;city-express-washington-dc-northeast
VIEMD;le-meridien-vienna
SATLO;residence-inn-san-antonio-six-flags-at-the-rim
BKKMS;bangkok-marriott-hotel-sukhumvit
PARVX;moxy-paris-la-villette
SUBAL;aloft-surabaya-pakuwon-city
HSVDF;fairfield-inn-and-suites-decatur
TRNCA;le-geant-courmayeur-apartments-bonvoy
GRXDS;hospes-palacio-de-los-patos-a-member-of-design-hotels
AANFP;four-points-al-ain
TLVSI;sheraton-tel-aviv
MIAAP;miami-airport-marriott
MILST;straf-milan-a-member-of-design-hotels
SXBOR;moxy-rust
YSNFI;fairfield-inn-and-suites-salmon-arm
PERMC;courtyard-perth-murdoch
MCIAY;courtyard-kansas-city-airport
TPEMB;le-meridien-taipei-banqiao
OXFCY;courtyard-oxford-city-centre
NCEHR;yelo-marengo-hotel-centre-ville-sonder
NYCLH;aloft-harlem
YEIUM;ceylan-splendor-uludag-autograph-collection
YQGFP;four-points-windsor-downtown
YYCCR;residence-inn-calgary-south
CUZTL;tambo-del-inka-a-luxury-collection-resort-and-spa-valle-sagrado
ATLGC;courtyard-atlanta-covington
RIXRO;studiores-riga-old-town
CZMDS;hotel-la-semilla-playa-del-carmen-a-member-of-design-hotels
MCOAD;ac-hotel-orlando-downtown
NYCWF;springhill-suites-new-york-manhattan-times-square
AGPMG;ac-hotel-malaga-palacio
FRAFV;falkenstein-grand-autograph-collection
ATLLT;towneplace-suites-locust-grove
SYXAC;ac-hotel-sanya-downtown
MEXXD;city-express-ciudad-de-mexico-alameda
LPLAL;aloft-liverpool
SJOPH;four-points-san-jose-sabana
ZRHZS;sheraton-zurich-hotel
WHAXP;four-points-xuancheng-jingxian
UIOSI;sheraton-quito-hotel
NYCSH;springhill-suites-new-york-manhattan-times-square-south
JHBAP;four-points-johor-bahru
DSSCA;courtyard-dakar-diamniadio
CZXCM;le-meridien-changzhou
MMHWI;the-westin-monache-resort-mammoth
LONAL;aloft-london-excel
YULDS;hotel-st-paul-montreal-a-member-of-design-hotels
BOSRO;residence-inn-boston-downtown-south-end
MIAAA;aloft-miami-aventura
SFOFW;san-francisco-marriott-fishermans-wharf
YYZMD;courtyard-toronto-mississauga-west
CHILC;the-gwen-a-luxury-collection-hotel-michigan-avenue-chicago
FLLAD;fairfield-inn-and-suites-fort-lauderdale-airport-and-cruise-port
BOMSA;jw-marriott-mumbai-sahar
CGOEP;four-points-zhengzhou-east-railway-station
JAXMC;courtyard-jacksonville-at-the-mayo-clinic-campus-beaches
CAIEG;cairo-marriott-hotel
FLLWT;residence-inn-fort-lauderdale-weston
BRSSP;delta-hotels-st-pierre-country-club
LAXCE;courtyard-los-angeles-century-city-beverly-hills
HOULL;towneplace-suites-houston-galleria-area
RAKMD;le-meridien-nfis
MDEPM;city-express-plus-medellin-colombia
VCEXR;the-st-regis-venice
SELLM;lescape-a-luxury-collection-hotel-seoul-myeongdong
HNLPW;marriott-vacation-club-waikiki
UYNFP;four-points-yulin-high-tech-zone
SATFI;fairfield-inn-and-suites-san-antonio-downtown-market-square
PTYWI;the-westin-panama
SHABZ;renaissance-shanghai-zhongshan-park-hotel
YEGFA;fairfield-edmonton-international-airport
EWRPO;studiores-piscataway-somerset
POZFP;four-points-poznan
PTYSI;sheraton-grand-panama
MEXAC;ac-hotel-santa-fe
DTMCY;courtyard-dortmund
MTYXL;city-express-saltillo-norte
BOJSP;four-points-sunny-beach
RUHFK;four-points-king-abdulaziz-road
MCOOR;sheraton-suites-orlando-airport
ISPMR;residence-inn-melville
BCNSU;ac-hotel-victoria-suites
GDLPR;city-express-plus-guadalajara-providencia
PDXLA;ac-hotel-portland-lake-oswego
QROPT;fairfield-inn-and-suites-queretaro-juriquilla
SATCA;courtyard-san-antonio-airport
HOUMC;houston-marriott-medical-center-museum-district
SELWI;the-westin-josun-seoul
PNQFA;amanora-the-fern-pune-series-
MADRC;ac-hotel-recoletos
SCLAC;ac-hotel-santiago-cenco-costanera
BLLVF;four-points-flex-vejle
STCMF;fairfield-inn-and-suites-monticello
HAMRA;residence-inn-hamburg-altona
BZOFP;four-points-bolzano
FWARN;residence-inn-fort-wayne-north
SHAPD;shanghai-marriott-hotel-pudong-east
MIAEL;element-miami-international-airport
MANOX;moxy-manchester-city-centre
SZXBF;fairfield-shenzhen-baoan
MTYSJ;courtyard-monterrey-san-jeronimo-valle
PBCJA;city-express-junior-puebla-angelopolis
OPOFP;four-points-matosinhos
HAMAK;hotel-atlantic-hamburg-autograph-collection
GDLAR;ac-hotel-guadalajara-expo-mexico
MCOLX;springhill-suites-orlando-lake-buena-vista-in-the-marriott-village
NYCNU;w-new-york-union-square
BERSI;sheraton-berlin-grand-hotel-esplanade
YULLB;omage-hotel-montreal-laval-a-tribute-portfolio-hotel
JTRML;mystique-a-luxury-collection-hotel-santorini
BHXOX;moxy-birmingham-nec-and-airport
BEGAC;ac-hotel-airport-city-belgrade
MUCWI;the-westin-grand-munich
YSEWV;delta-hotels-whistler-village-suites
ZUHYP;four-points-yangjiang-city-center
YYZXM;towneplace-suites-toronto-northeast-markham
ALBLE;element-lenox-berkshires
FLLCC;fort-lauderdale-marriott-north
YVREL;element-vancouver-metrotown
LAXTH;towneplace-suites-los-angeles-lax-hawthorne
EMLAK;the-hotel-lucerne-autograph-collection
CPHFI;fairfield-copenhagen-nordhavn
FLRHS;the-sonetto-hotel-piazza-santa-croce-sonder
YYTCY;courtyard-st-johns-newfoundland
RHOSI;sheraton-rhodes-resort
CAIAM;le-meridien-cairo-airport
AUSDA;aloft-austin-downtown
BGMNM;fairfield-inn-and-suites-new-milford
TNAPH;four-points-jinan-high-tech-zone
SLPXU;city-express-san-luis-potosi-zona-universitaria
STLAD;ac-hotel-st-louis-downtown
BWINF;fairfield-inn-and-suites-annapolis
HANSW;sheraton-hanoi-west
MLEHP;the-halcyon-private-isles-maldives-autograph-collection
LISOX;moxy-lisboa-oriente
HGHJP;four-points-haiyan
SZGTH;the-passenger-a-tribute-portfolio-hotel
BKKLA;the-athenee-hotel-a-luxury-collection-hotel-bangkok
AYTVF;marriott-executive-apartments-antalya
LAXPG;le-petit-pali-laguna-beach-a-member-of-design-hotels
BKKAS;sala-bang-pa-in-a-member-of-design-hotels
CJUSI;sheraton-jeju-hotel
MELAH;adelphi-hotel-a-member-of-design-hotels
SANMD;le-meridien-san-diego-downtown
PHXHC;ac-hotel-phoenix-north-norterra
DELMD;le-meridien-new-delhi
LONVX;four-points-flex-london-victoria
YWGRI;residence-inn-winnipeg
SNAAS;anaheim-marriott-suites
MANAQ;ac-hotel-manchester-city-centre
SXBAK;maison-rouge-strasbourg-hotel-and-spa-autograph-collection
LYABP;four-points-luoyang-central-business-district
POMSI;sheraton-port-moresby-stanley-hotel-and-suites
HOUGI;sheraton-north-houston-at-george-bush-intercontinental
MTYXN;city-express-monterrey-norte
DXBCB;courtyard-al-barsha-dubai
SHAHF;fairfield-shanghai-hongqiao
AUSED;element-austin-downtown
INCXF;fairfield-yinchuan-xingqing
MLEWI;the-westin-maldives-miriandhoo-resort
HOUIC;fairfield-inn-and-suites-houston-intercontinental-airport
HKTMM;le-meridien-phuket-mai-khao-beach-resort
SJDWB;the-westin-los-cabos-resort-villas-baja-point
FEZMC;fes-marriott-hotel-jnan-palace
DALWH;w-dallas-victory
MEMAM;arrive-memphis-downtown-a-member-of-design-hotels
POSCY;courtyard-port-of-spain
JAXAT;towneplace-suites-jacksonville-mayport
PBCCY;courtyard-puebla-las-animas
GLADT;glasgow-marriott-hotel
LONBD;residence-inn-london-tower-bridge
JEDSP;four-points-jeddah-king-fahd-road
KMGPI;four-points-kunming-international-convention-and-exhibition-center
SFOJW;jw-marriott-san-francisco-union-square
LONSX;moxy-slough
SFORC;grand-bay-hotel-san-francisco
TUNMC;tunis-marriott-hotel
TYNDP;four-points-taiyuan-downtown
HAJXF;four-points-flex-hannover
AUAAC;marriotts-aruba-surf-club
LASVW;the-westin-las-vegas-hotel-and-spa
DALCN;courtyard-dallas-north
ASUTX;yacht-and-golf-club-paraguayo-a-tribute-portfolio-resort
YLWFI;fairfield-inn-and-suites-kelowna
NCEDF;five-seas-cannes-a-member-of-design-hotels
MIAEB;the-miami-beach-edition
LONHD;delta-hotels-huntingdon
DQMAP;four-points-duqm
LISSI;sheraton-lisboa-hotel-and-spa
YEGFP;four-points-edmonton-south
MADEB;the-madrid-edition
YQAJW;jw-marriott-the-rosseau-muskoka-resort-and-spa
HKGOP;hong-kong-ocean-park-marriott-hotel
AUHRX;the-st-regis-abu-dhabi
MANOC;moxy-chester
YULTS;towneplace-suites-montreal-airport
YYZFT;fairfield-inn-and-suites-bolton
IAGCY;courtyard-niagara-falls
BERPT;le-doux-souvenir-potsdam-a-tribute-portfolio-hotel
YQTDE;delta-hotels-thunder-bay
LONXP;moxy-london-piccadilly-circus
YMYWI;le-westin-tremblant
MIAMF;found-hotels-miami-beach-series
CGNOM;moxy-cologne-muelheim
BCNMD;le-meridien-barcelona
OSAXN;city-express-osaka-namba-south
FLLBP;marriotts-beachplace-towers
CHIMF;fairfield-inn-and-suites-matteson-chicago
YYZWY;residence-inn-whitby
KULEA;marriott-executive-apartments-kuala-lumpur
BRSSD;delta-hotels-swindon
TLSCY;courtyard-toulouse-airport
SAVDR;the-ann-savannah-apartments-bonvoy
PARAC;courtyard-paris-arcueil
CZXFP;four-points-changzhou-economic-development-zone
SANDM;san-diego-marriott-del-mar
DUSEP;four-essen-city-centre
TUPCT;towneplace-suites-corinth
HOUTT;towneplace-suites-houston-tomball
PSPHW;hotel-wren-a-member-of-design-hotels
XMNCX;courtyard-xiamen-xiangan
CTUKM;four-points-chengdu-kuanzhai-alley
BUESC;sheraton-buenos-aires-hotel-and-convention-center
YYZTV;residence-inn-toronto-vaughan
SATTW;springhill-suites-san-antonio-downtown-riverwalk-area
BNASB;sheraton-nashville-brentwood
YYCWI;the-westin-calgary
MEXPP;city-express-plus-ciudad-de-mexico-periferico-sur-tlalpan
DBVSI;sheraton-dubrovnik-riviera-hotel
HAMCY;courtyard-hamburg-airport
FAOWH;w-algarve
MADCO;ac-hotel-madrid-airport
AUSGR;residence-inn-georgetown
SHAMS;le-meridien-shanghai-sheshan
HGHBF;fairfield-hangzhou-binjiang-puyan
AAESI;sheraton-annaba-hotel
WAWOW;moxy-warsaw-city
BAHMG;gulf-hotel-convention-and-spa
PXMHE;hotel-escondido-oaxaca-oaxaca-a-member-of-design-hotels
GVARI;residence-inn-geneva-city-nations
MIACA;courtyard-miami-airport-west-doral
DALUC;ac-hotel-dallas-uptown
SEAMB;seattle-marriott-bellevue
CSXTF;fairfield-changsha-tianxin
WUHPG;four-points-wuhan-optics-valley
AVLOX;moxy-asheville-downtown
ATLMQ;atlanta-marriott-marquis
PRYHA;protea-hotel-pretoria-hatfield
CHIJW;jw-marriott-chicago
BHOHC;crescent-the-fern-budhni-series
BRUBR;renaissance-brussels-hotel
BHORB;the-fern-residency-bhopal-series
AQAXF;xf-growth-test-hotel
BSLCY;courtyard-basel
AMSWH;w-amsterdam
BCNEB;the-barcelona-edition
AMSBI;residence-inn-amsterdam-schiphol-airport
HRBFP;four-points-harbin-city-center
CTGTX;ermita-cartagena-a-tribute-portfolio-hotel
HKTMK;khao-lak-marriott-beach-resort-and-spa
LHWAS;sheraton-lanzhou-anning
MSPMP;towneplace-suites-mankato
MCOCR;towneplace-suites-orlando-at-flamingo-crossings-town-center-western-entrance
DOHSI;sheraton-grand-doha-resort-and-convention-hotel
YULBC;courtyard-montreal-brossard
MANPD;delta-hotels-preston
NAPHS;habita79-pompeii-a-tribute-portfolio-hotel
PARSP;renaissance-paris-nobel-tour-eiffel-hotel
ATLYR;residence-inn-atlanta-peachtree-city
TTUBB;the-st-regis-la-bahia-blanca-resort-tamuda-bay
DAYFS;fairfield-inn-and-suites-sidney
ORHSX;city-express-shrewsbury
EDIAK;the-glasshouse-autograph-collection
ANRAK;sapphire-house-antwerp-autograph-collection
GVALC;hotel-president-wilson-a-luxury-collection-hotel-geneva
SLCOP;courtyard-orem-university-place
BJSES;beijing-marriott-hotel-northeast
GSPEH;springhill-suites-greenville-east
TAOEL;element-qingdao
HOUZD;springhill-suites-houston-downtown-convention-center
BCNVH;ora-hotel-priorat-a-member-of-design-hotels
SHARN;renaissance-shanghai-pudong-hotel
MIAON;moxy-miami-wynwood
SCLCS;courtyard-santiago-las-condes
SHAPX;courtyard-shanghai-central
DYGTP;four-points-zhangjiajie-tianmen-mountain
ATLAR;ac-hotel-atlanta-downtown
OSAKU;four-points-flex-osaka-kitahama
EGEAV;the-westin-riverfront-resort-and-spa-avon-vail-valley
MAAFV;four-points-chennai-velachery
MXLXM;city-express-mexicali
HOUDT;courtyard-houston-downtown-convention-center
MEXXU;city-express-tula
TBSCY;courtyard-tbilisi
YULAC;hotel-ac-montreal-centre-ville
BNABH;springhill-suites-bowling-green
KRLCY;courtyard-korla
FARSH;springhill-suites-fargo
BHMHR;residence-inn-homewood-mountain-brook
YVRSA;vancouver-airport-marriott-hotel
YLWFP;four-points-kelowna-airport
HERZB;alai-crete-a-tribute-portfolio-resort
DAYMI;residence-inn-dayton-miamisburg
MIAFS;courtyard-miami-west-fl-turnpike
HDBMC;heidelberg-marriott-hotel
YULHY;sheraton-saint-hyacinthe-hotel
PITKD;the-atterbury-hotel-autograph-collection
OSAAK;the-osaka-station-hotel-autograph-collection
YVRPS;the-douglas-autograph-collection
WUHHP;four-points-wuhan-hankou
AQARI;ri-empower
XMNXW;the-westin-xiamen-xiangan
CMEXC;city-express-ciudad-del-carmen
BKKQP;bangkok-marriott-marquis-queens-park
DALTY;fairfield-inn-and-suites-dallas-downtown
MIDCY;courtyard-merida-downtown
MUCLK;koenigshof-a-luxury-collection-hotel-munich
YAMFI;fairfield-inn-and-suites-sault-ste-marie
DUBXD;moxy-dublin-docklands
VRNOX;moxy-verona
KNASI;sheraton-miramar-hotel-and-convention-center
STIRI;residence-inn-santiago-de-los-caballeros
WASRD;residence-inn-washington-downtown-convention-center
BHXAC;ac-hotel-birmingham
LONIS;inhabit-southwick-street-a-member-of-design-hotels
SUXSF;fairfield-inn-and-suites-sioux-center
YXXCT;towneplace-suites-chilliwack
MDTGX;city-express-gettysburg
CCRFI;fairfield-inn-and-suites-concord-walnut-creek
BOMAK;athiva-pulse-navi-mumbai-autograph-collection
YULTX;honeyrose-hotel-montreal-a-tribute-portfolio-hotel
SZXAP;four-points-shenzhen-airport
PBIDE;delta-hotels-west-palm-beach
SDQMC;santo-domingo-marriott-hotel
CAKYT;towneplace-suites-youngstown-north
MILMP;sheraton-milan-malpensa-airport-hotel-and-conference-centre
WUHCH;ac-hotels-wuhan-hankou
TPASX;moxy-st-petersburg-downtown
FLLPT;residence-inn-fort-lauderdale-city-of-plantation
NYCPK;courtyard-new-york-manhattan-central-park
WASZC;citizenm-washington-dc-capitol
SHAMJ;jw-marriott-marquis-hotel-shanghai-pudong
PHLKR;residence-inn-king-of-prussia
RIXAC;ac-hotel-riga
BDLHI;fairfield-inn-and-suites-east-hartford
AMSPO;apollo-hotel-amsterdam-a-tribute-portfolio-hotel
CHIAW;sonder-south-wabash-apartments-south-loop
LONHW;w-london
TYOYY;courtyard-shin-yokohama-station
CUNWL;the-westin-lagunamar-ocean-resort-villas-and-spa-cancun
XMNMJ;xiamen-marriott-hotel-jimei
RIXXO;four-points-flex-riga-old-town
ALBSG;brookmere-saratoga-a-tribute-portfolio-hotel
MLEXR;the-st-regis-maldives-vommuli-resort
LAXZD;citizenm-los-angeles-downtown
BWIAX;city-express-aberdeen
BLROX;moxy-bengaluru-airport-prestige-tech-cloud
PTYBW;the-westin-playa-bonita-panama
PGAFI;fairfield-inn-and-suites-page
PTYAR;ac-hotel-panama-city
SLPCY;courtyard-san-luis-potosi
YYZTM;fairfield-inn-and-suites-toronto-mississauga
DYGNF;four-points-zhangjiajie-national-forest-park
CCSJW;jw-marriott-hotel-caracas
SDQDS;sheraton-santo-domingo-hotel
SJUSI;sheraton-puerto-rico-hotel-and-casino
FLLFP;four-points-coral-gables
MUCAL;aloft-munich
VIEHW;renaissance-vienna-schonbrunn-hotel
MCOYC;courtyard-orlando-south-grande-lakes-area
YYZDS;sheraton-toronto-airport-hotel-and-conference-centre
HOUFD;fairfield-inn-and-suites-houston-downtown
SANMV;san-diego-marriott-mission-valley
PTYCY;courtyard-panama-multiplaza-mall
DALCR;residence-inn-irving-las-colinas
PQCFI;fairfield-phu-quoc-hon-thom
ACYTX;the-seahaus-hotel-atlantic-city-boardwalk-a-tribute-portfolio-hotel
CUZLC;palacio-del-inka-a-luxury-collection-hotel-cusco
DUSOD;moxy-duesseldorf-south
MUCMD;le-meridien-munich
MRSBR;renaissance-aix-en-provence-hotel
LONSE;st-ermins-hotel-autograph-collection
DFWSB;the-elmore-hotel-dfw-southlake-a-tribute-portfolio-hotel
BAHSW;aqua-vista-bahrain-hotel
HMOXH;city-express-hermosillo
BHMLD;element-birmingham-downtown
NYCXR;the-st-regis-new-york
VIEHX;four-points-flex-vienna-hauptbahnhof
SZXDM;dongguan-marriott-hotel
MIAAC;ac-hotel-miami-beach
YWGWF;four-points-winnipeg-south
DEDMD;le-meridien-dehradun-resort-and-spa
YYZRU;residence-inn-toronto-mississauga-southwest
PARSI;sheraton-paris-charles-de-gaulle-airport-hotel
PARVD;renaissance-paris-vendome-hotel
EDIRI;residence-inn-edinburgh
SJDFI;fairfield-inn-los-cabos
BJZBA;ac-hotel-badajoz
SJDHA;hacienda-del-mar-los-cabos-an-autograph-collection-all-inclusive-resort
TTNFT;the-union-hotel-flemington-a-tribute-portfolio-hotel
NYCSL;springhill-suites-new-york-manhattan-chelsea
LAXVP;silver-lake-pool-and-inn-a-member-of-design-hotels
GVACM;citizenm-geneva
TASCY;courtyard-tashkent
PYXLC;the-naka-island-a-luxury-collection-resort-and-spa-phuket
LISGS;spatia-comporta-a-member-of-design-hotels
HSVMY;courtyard-madison
LONLM;london-marriott-hotel-kensington
ISTJB;jw-marriott-istanbul-bosphorus
WUXJG;grand-house-jiangyin-a-tribute-portfolio-hotel
HOUWK;courtyard-houston-i-10-west-energy-corridor
JAXFW;fairfield-inn-and-suites-waycross
PUJLC;sanctuary-cap-cana-a-luxury-collection-adult-all-inclusive-resort-dominican-republic
SAOSS;sheraton-santos-hotel
SLPJC;city-express-junior-san-luis-potosi-carranza
ATLSV;springhill-suites-atlanta-covington
GVAMC;geneva-marriott-hotel
PTYAK;sortis-hotel-spa-and-casino-autograph-collection
BJSJD;jw-marriott-hotel-beijing-dongzhimen
TXKPT;towneplace-suites-paris
ATLSZ;fairfield-inn-and-suites-atlanta-airport-north
YQUFP;four-points-grande-prairie
LEXSF;springhill-suites-lexington-frankfort
AUSCF;fairfield-inn-and-suites-cedar-park
PUJWH;w-punta-cana-all-inclusive
FUOFU;fairfield-shunde
SCLFP;four-points-santiago
MEXUL;circulo-mexicano-mexico-a-member-of-design-hotels
ATWOM;oshkosh-marriott-waterfront-hotel-and-convention-center
KLHFB;blue-ocean-the-fern-resort-and-spa-ganpatipule-series
XIYDP;four-points-xian-dayan-pagoda
PUJRC;royalton-chic-punta-cana-an-autograph-collection-all-inclusive-resort-and-casino-adults-only
PTYWH;w-panama
MEXXA;city-express-ciudad-de-mexico-la-raza
AQAOS;test-westin-hotel-for-alpha
SYXSH;sheraton-sanya-bay-resort
OSAKO;hotel-koo-otsu-hyakucho-a-member-of-design-hotels
MGMDR;residence-inn-montgomery-downtown
WASRJ;jw-marriott-reston-station
POSAK;the-brix-autograph-collection
MUCNO;munich-marriott-hotel
YULWH;w-montreal
AQAVB;brt-vb-si-for-testing-only
LASPA;ac-hotel-las-vegas-symphony-park
SAVAC;ac-hotel-savannah-historic-district
BRCSI;hotel-panamericano-bariloche
LJGJP;jinmao-pureal-mountain-lijiang-a-member-of-design-hotels
UROAK;hotel-de-bourgtheroulde-autograph-collection
STORP;hagastrand-autograph-collection
YYJST;towneplace-suites-victoria-airport-sidney
MRKFL;jw-marriott-marco-island-beach-resort
CXRNP;four-points-nha-trang
ZHAXP;four-points-zhanjiang-city-center
HSVAK;trilogy-hotel-huntsville-autograph-collection
BJXXL;city-express-leon
SZXNH;noa-hotel-shenzhen-a-member-of-design-hotels
HSNDP;four-points-zhoushan-dinghai
LGAAW;envue-autograph-collection
LAXAH;anaheim-marriott
PARMX;moxy-paris-montmartre
TAPXT;city-express-tapachula
PAROX;moxy-paris-charles-de-gaulle-airport
SAOER;marriott-executive-apartments-sao-paulo
LAXLS;sls-hotel-a-luxury-collection-hotel-beverly-hills
NYCOT;moxy-nyc-east-village
NCLMD;delta-hotels-newcastle-gateshead
AMSMZ;citizenm-amsterdam-south
LASST;las-vegas-marriott
ROMUT;hotel-urbana-a-tribute-portfolio-hotel
AUHDM;le-royal-meridien-abu-dhabi
YYZTC;sheraton-centre-toronto-hotel
FOCXY;courtyard-xiapu
WUXOX;moxy-suzhou-city-centre
MEMCT;towneplace-suites-collierville
AYTRI;residence-inn-antalya
VSAXV;city-express-villahermosa
GUAAR;ac-hotel-guatemala-city
PARLR;le-roch-hotel-and-spa-paris-a-member-of-design-hotels
GLAOS;moxy-glasgow-sec
BLQXF;four-points-flex-bologna-airport
SFOLC;palace-hotel-a-luxury-collection-hotel-san-francisco
ELPFI;fairfield-inn-and-suites-el-paso
HAMHX;moxy-hamburg-city
DABXE;city-express-daytona-beach
WAWPP;ac-hotel-warsaw-port-praski
YYZXR;the-st-regis-toronto
ATHLC;hotel-grande-bretagne-a-luxury-collection-hotel-athens
FLLMR;residence-inn-fort-lauderdale-sw-miramar
YYZFP;four-points-toronto-mississauga
BHMPT;towneplace-suites-pell-city
YOWCY;courtyard-ottawa-downtown
HAKMF;fairfield-haikou-meilan
SXRSF;four-points-sonmarg-resort
MIAAS;residence-inn-miami-airport
HOURP;springhill-suites-houston-medical-center-nrg-park
CMHWS;springhill-suites-columbus-west
IADCN;city-express-chantilly-dulles-airport
ZAGWI;the-westin-zagreb
EDIOF;moxy-edinburgh
LNSFF;fairfield-inn-and-suites-lancaster
DTMOD;moxy-dortmund-city
LTNOX;moxy-milton-keynes
BNADA;delta-hotels-nashville-airport
YHMSI;sheraton-hamilton-hotel
YQLFI;fairfield-inn-and-suites-lethbridge
BOHBM;bournemouth-highcliff-marriott-hotel
LPAAC;ac-hotel-iberia-las-palmas
ATQFM;the-fern-amritsar-gt-road-series
PBIAK;the-ben-autograph-collection
DALWE;springhill-suites-dallas-downtown-west-end
BUDDX;moxy-budapest-downtown
BCNSC;ac-hotel-sant-cugat
LITTO;towneplace-suites-little-rock-otter-creek
BCNRF;renaissance-barcelona-fira-hotel
YKFCK;courtyard-kitchener
YVRAK;civic-hotel-autograph-collection
YULCC;montreal-marriott-chateau-champlain
SHAPH;renaissance-shanghai-putuo-hotel
PNKFP;four-points-pontianak
JTRIS;istoria-a-member-of-design-hotels
NOGFI;fairfield-inn-and-suites-nogales
YYCCF;four-points-calgary-airport
YSBTS;towneplace-suites-sudbury
VIEIL;hotel-imperial-a-luxury-collection-hotel-vienna
HKTWI;the-westin-siray-bay-resort-and-spa-phuket
DELAP;jw-marriott-hotel-new-delhi-aerocity
OAKPT;towneplace-suites-pleasanton
BJSPE;fairfield-beijing-capital-airport
LONND;delta-hotels-northampton
PENBT;the-bertam-penang-a-tribute-portfolio-hotel
SJOMV;marriott-vacation-club-at-los-suenos
SFOPS;palihotel-san-francisco-a-member-of-design-hotels
BRSTX;abbey-hotel-bath-a-tribute-portfolio-hotel
SHATY;courtyard-taicang
NNGCY;courtyard-nanning-wuxiang
LONLC;the-park-tower-knightsbridge-a-luxury-collection-hotel-london
ROMMD;le-meridien-visconti-rome
CANHN;four-points-guangzhou-huangpu-new-city
CLOPC;city-express-plus-cali-colombia
CPHCF;four-points-flex-copenhagen-city
EDIFP;four-points-edinburgh
AUSBT;towneplace-suites-burnet
LONRP;london-marriott-hotel-regents-park
RAKEA;delta-hotels-marrakech-eden-andalou
HAMRN;renaissance-hamburg-hotel
ZRHXL;moxy-zurich
MLAWI;the-westin-dragonara-resort-malta
ZRHDT;zurich-marriott-hotel
MIAMJ;jw-marriott-marquis-miami
CPTSW;lord-charles-hotel-somerset-west-a-tribute-portfolio-hotel
SLWFP;four-points-saltillo
KHHGM;gloria-manor-a-member-of-design-hotels
ATLMO;fairfield-inn-and-suites-morrow
YYJWI;the-westin-bear-mountain-golf-resort-and-spa-victoria
NAPPG;pazziella-a-luxury-collection-hotel-capri
CTUAC;ac-hotel-chengdu-north
HGHWB;wonderland-resort-hangzhou-jiande-a-tribute-portfolio-resort
GUAGH;good-hotel-antigua-guatemala-a-member-of-design-hotels
TQOXT;xela-tulum-a-member-of-design-hotels
MADCA;ac-hotel-carlton-madrid
TIJPT;city-express-plus-tijuana
HOUWI;the-westin-houston-downtown
FRAAP;frankfurt-airport-marriott-hotel
TLVBR;renaissance-tel-aviv-hotel
CLEDK;hotel-cleveland-autograph-collection
YQMFI;fairfield-inn-and-suites-moncton
BIOAK;hotel-ercilla-de-bilbao-autograph-collection
BJSWF;renaissance-beijing-wangfujing-hotel
IBZTX;hotel-riomar-ibiza-a-tribute-portfolio-hotel
MIDJA;city-express-junior-merida-altabrisa
PSAPK;principessa-forte-dei-marmi-autograph-collection
LAXLD;courtyard-los-angeles-la-live
MILSS;sheraton-milan-san-siro
YYCFP;four-points-hotel-and-suites-calgary-west
HGHBA;ac-hotels-hangzhou-binjiang
SCLWH;w-santiago
MTYPC;city-express-plus-monterrey-centro
GDLXO;city-express-guadalajara-aeropuerto
BCNHG;paseo-de-gracia-hotel-sonder
TBSAP;paragraph-golf-and-spa-tabori-autograph-collection
AARVF;four-points-flex-aarhus-viby
XIYWF;fairfield-xian-weiyang
YULFI;fairfield-inn-and-suites-montreal-airport
SNAAL;springhill-suites-anaheim-resort
SCKLR;residence-inn-lodi-stockton
YULRA;residence-inn-montreal-airport
YVRDB;delta-hotels-burnaby-conference-centre
YSCDR;delta-hotels-sherbrooke-conference-centre
LONIV;the-langley-a-luxury-collection-hotel-buckinghamshire
IGRXE;city-falls-iguazu
YULRI;residence-inn-montreal-downtown
MEXXP;city-express-tepotzotlan
LEJDT;leipzig-marriott-hotel
MUCOE;moxy-munich-ostbahnhof
SLCXR;the-st-regis-deer-valley
MTYJD;sj-grand-hotel-monterrey
LAXPP;towneplace-suites-palmdale
UVFRH;rabot-hotel-from-hotel-chocolat-a-member-of-design-hotels
POMEA;marriott-executive-apartments-port-moresby
IAHCH;courtyard-houston-intercontinental-airport
MLASX;moxy-st-julians-malta
SEAZP;citizenm-seattle-pioneer-square
QROQF;four-points-queretaro-norte
SJUMR;courtyard-san-juan-miramar
BJXXO;city-express-silao-aeropuerto
DAYBT;towneplace-suites-dayton-beavercreek
ZFLFP;four-points-zhaosu
BCNHV;vasanta-hotel-eixample-sonder
BJXJL;city-express-junior-leon-centro-de-convenciones
FSMEL;element-fort-smith
CHIDX;hotel-emc2-autograph-collection
MLEPF;patina-maldives-fari-islands-a-member-of-design-hotels
YOWAP;residence-inn-ottawa-airport
TIJXE;city-express-ensenada
KULCC;courtyard-kuala-lumpur-city-centre
TAMXA;city-express-tampico-altamira
TYOSW;four-points-flex-tokyo-shibuya-west
PAROA;paris-marriott-opera-ambassador-hotel
MCOTW;residence-inn-near-universal-orlando
BPLAC;ac-hotel-xinjiang-sayram-lake
WUXMC;wuxi-marriott-hotel
EWROT;residence-inn-ocean-township
BSLFR;courtyard-freiburg
HBXRH;the-fern-residency-hubballi-series
MCOLZ;fairfield-inn-and-suites-orlando-lake-buena-vista-in-the-marriott-village
DXBMB;the-westin-dubai-mina-seyahi-beach-resort-and-marina
ATLVE;element-cartersville
OSANL;shisui-a-luxury-collection-hotel-nara
BRUSI;sheraton-brussels-airport-hotel
BFSRT;residence-inn-belfast-titanic-quarter
CKGCY;courtyard-chongqing-jiangjin
ISTTS;lokalist-istanbul-a-tribute-portfolio-hotel
PITMP;four-points-monroeville
HAJFE;freigeist-einbeck-a-member-of-design-hotels
SATXN;sol-cypress-san-antonio-a-tribute-portfolio-hotel
MIAAV;courtyard-miami-aventura-mall
TPECM;citizenm-taipei-north-gate
VNOEL;esperanza-lake-resort-a-member-of-design-hotels
FATOT;the-inelle-oakhurst-yosemite-a-tribute-portfolio-hotel
SEAAA;skybridge-seattle-airport-hotel
RALPR;fairfield-inn-and-suites-riverside-perris
PLQKR;reja-a-member-of-design-hotels
LHRHR;london-heathrow-marriott-hotel
MANVA;manchester-marriott-victoria-and-albert-hotel
CTAOP;ortea-palace-hotel-sicily-autograph-collection
DALMD;le-meridien-dallas-by-the-galleria
LFTXE;city-express-lafayette
BOGSI;sheraton-bogota-hotel
ISTMC;istanbul-marriott-hotel-asia
MCOSP;marriotts-sabal-palms
OKCTD;towneplace-suites-oklahoma-city-downtown
ZIHXL;city-express-lazaro-cardenas
GVAOX;moxy-lausanne-city
USMSS;sheraton-samui-resort
INVAR;ac-hotel-inverness
NYCTW;fairfield-inn-and-suites-new-york-manhattan-chelsea
YYZBP;fairfield-inn-and-suites-toronto-brampton
YEGWI;the-westin-edmonton
YULMD;renaissance-montreal-downtown-hotel
OSAKC;courtyard-kyoto-station
ATHAK;academias-hotel-autograph-collection
SLPXI;city-express-san-luis-potosi-zona-industrial
LAXBV;beverly-hills-marriott
SJURV;residence-inn-san-juan-isla-verde
CTUEP;four-points-chengdu-east-station
NBORJ;jw-marriott-mount-kenya-rhino-reserve-safari-camp
SANOT;courtyard-san-diego-old-town
ALCAL;ac-hotel-alicante
NYCMA;ac-hotel-new-york-times-square
DENGH;springhill-suites-denver-airport-at-gateway-park
PARCV;courtyard-paris-porte-de-versailles
SMRCY;courtyard-santa-marta-resort
GOICG;courtyard-goa-colva
YYCEL;element-calgary-airport
TPAJD;jw-marriott-tampa-water-street
YYZBM;courtyard-toronto-brampton
TRIJT;towneplace-suites-johnson-city
NANMC;fiji-marriott-resort-momi-bay
YXESI;sheraton-cavalier-saskatoon-hotel
MIARA;residence-inn-miami-aventura-mall
SANLC;the-us-grant-a-luxury-collection-hotel-san-diego
SJDJC;casa-maat-at-jw-marriott-los-cabos-beach-resort-and-spa
MEXDM;le-meridien-mexico-city
HUZLF;fairfield-huizhou-longmen
WAWWI;the-westin-warsaw
YYZEC;marriott-downtown-at-cf-toronto-eaton-centre
PBCXC;city-express-puebla-centro
SLMZA;ac-hotel-zamora
AGPXF;four-points-flex-malaga-centre
AARSF;four-points-flex-aarhus-skejby
LYSMC;lyon-marriott-hotel-cite-internationale
GDLSE;sheraton-guadalajara-expo
YXEFP;four-points-saskatoon
CGQCF;fairfield-changchun-chaoyang
LASBL;bellagio-a-luxury-collection-resort-and-casino-las-vegas
ROCST;towneplace-suites-rochester-south
RSWTE;towneplace-suites-fort-myers-southeast
ISTDW;delta-hotels-istanbul-west
WUXJW;jw-marriott-hotel-wuxi
SLCFS;fairfield-inn-and-suites-salt-lake-city-southwest
HELAK;hotel-u14-autograph-collection
MGAEX;city-express-esteli
PXMDS;hotel-escondido-puerto-escondido-a-member-of-design-hotels
PBIPS;marriotts-ocean-pointe
BJSJC;jw-marriott-hotel-beijing-central
RNOCS;courtyard-reno-sparks
IBZWH;w-ibiza
USMBR;renaissance-koh-samui-resort-and-spa
ZRHNS;neues-schloss-privat-hotel-zurich-autograph-collection
YMMTS;towneplace-suites-fort-mcmurray
DTWSC;the-st-clair-inn
MLOER;erema-a-member-of-design-hotels
OLBLC;hotel-cala-di-volpe-a-luxury-collection-hotel-costa-smeralda
BNAFA;fairfield-inn-and-suites-manchester
AVLAB;ac-hotel-asheville-biltmore-village
YKADE;delta-hotels-kamloops
CGNMC;cologne-marriott-hotel
ATLDT;residence-inn-atlanta-downtown
LBAYD;delta-hotels-york
DXBPJ;marriott-resort-palm-jumeirah-dubai
NYCPR;residence-inn-new-york-manhattan-central-park
DSMWA;aloft-waukee
EDICY;courtyard-edinburgh
BRUDD;the-dominican-brussels-a-member-of-design-hotels
RQSFO;fairfield-inn-and-suites-orillia
GRISH;springhill-suites-grand-island
TRCCT;courtyard-torreon
AGSGP;towneplace-suites-grovetown
YULRG;residence-inn-montreal-midtown
POZSI;sheraton-poznan-hotel
BHMAC;ac-hotels-downtown-birmingham
YCDCY;courtyard-nanaimo
BERWI;the-westin-grand-berlin
BOICF;fairfield-inn-and-suites-caldwell
ZUHNP;four-points-zhuhai-nanwan
BJXXN;city-express-irapuato-norte
BRQCY;courtyard-brno
VERXV;city-express-veracruz
TUNSI;sheraton-tunis-hotel
JIBSI;sheraton-djibouti
ABZAL;aloft-aberdeen-teca
SZXGU;four-points-shenzhen-guangming
SATCR;courtyard-san-antonio-riverwalk
HOURW;residence-inn-houston-medical-center-reliant-park
EMALM;leicester-marriott-hotel
LISDM;memmo-principe-real-lisbon-a-member-of-design-hotels
LONOX;moxy-london-heathrow-airport
STRFK;das-affalterbach-stuttgart-autograph-collection
ROWRX;city-express-ruidoso
EWRNW;courtyard-jersey-city-newport
LEJWI;the-westin-leipzig
BEROA;moxy-berlin-airport
CUNPA;planet-hollywood-adult-scene-cancun-an-autograph-collection-all-inclusive-resort-adults-only
SNADE;delta-hotels-anaheim-garden-grove
CPHBF;four-points-flex-ballerup
LISFP;four-points-sesimbra
PDSXP;city-express-piedras-negras
AMSCY;courtyard-amsterdam-airport
NCETC;nice-centre-hotel
ZPZDE;stuttgart-marriott-hotel-sindelfingen
KWEHP;four-points-guiyang-shilihetan
DTMRI;residence-inn-dortmund-city
YULSB;mont-gabriel-sainte-adele-a-tribute-portfolio-resort
CLESU;springhill-suites-sandusky
LAXWI;the-westin-los-angeles-airport
RICGR;residence-inn-glen-allen-richmond
JAIRJ;jw-marriott-ranthambore-resort-and-spa
OXFCX;courtyard-oxford-south
MCOEO;element-orlando-universal-blvd
AMDFO;the-fern-sattva-resort-polo-forest-series
TIJXO;city-express-tijuana-otay
BVAOX;moxy-amiens
JKTMG;jakarta-marriott-hotel-gelora
MEXFI;fairfield-inn-and-suites-mexico-city-vallejo
MADAI;ac-hotel-aitana
BKKTM;metropole-bangkok-a-tribute-portfolio-hotel
INDCL;element-indianapolis-carmel
MCOSI;walt-disney-world-dolphin
HOUPT;towneplace-suites-houston-la-porte
MCOLR;marriotts-lakeshore-reserve
SJOXC;city-express-san-jose-costa-rica
SINSI;sheraton-towers-singapore
NYCMX;the-london-a-luxury-collection-hotel-new-york-city
HGHBL;renaissance-hangzhou-linan-hotel
SANVR;residence-inn-san-diego-chula-vista
HKGMD;le-meridien-hong-kong-cyberport
FRAKR;roomers-frankfurt-central-autograph-collection
MADJW;jw-marriott-hotel-madrid
TUSTT;towneplace-suites-thatcher
UIODT;jw-marriott-hotel-quito
YOOCY;courtyard-oshawa
RHOPA;amoh-a-luxury-collection-resort-rhodes
MIAOX;moxy-miami-south-beach
CUNBR;renaissance-cancun-resort-and-marina
PVRPP;city-express-plus-puerto-vallarta
HKGSI;sheraton-hong-kong-hotel-and-towers
YQAGF;fairfield-inn-and-suites-gravenhurst-muskoka
ROMEB;the-rome-edition
MCOUS;fairfield-inn-and-suites-orlando-near-universal-orlando-resort
YYZTH;the-westin-trillium-house-blue-mountain
DRSCY;courtyard-dresden
PYXBR;renaissance-pattaya-resort-and-spa
MCOJW;jw-marriott-orlando-grande-lakes
SEAZS;citizenm-seattle-south-lake
DLCDP;four-points-dalian-donggang
AQAES;test-residence-inn-hotel-for-alpha
GNERI;residence-inn-ghent
EDIOX;moxy-edinburgh-airport
BHXAL;aloft-birmingham-eastside
MIACY;courtyard-miami-dadeland
KMGXF;fairfield-kunming-xishan
SJULU;fairfield-luquillo-beach
NYCME;courtyard-new-york-manhattan-midtown-east
VVIMC;marriott-santa-cruz-de-la-sierra-hotel
BCNDM;renaissance-barcelona-hotel
BOGMC;bogota-marriott-hotel
CCRCY;courtyard-concord-walnut-creek
SCLDT;santiago-marriott-hotel
YIWMC;yiwu-marriott-hotel
OSAXI;city-express-osaka-shin-imamiya
AMSRI;residence-inn-amsterdam-houthavens
LIREH;esh-hotel-and-spa-a-member-of-design-hotels
LONSD;sir-devonshire-square-a-member-of-design-hotels
PTYMJ;jw-marriott-panama
UDRNH;city-express-udaipur-nathdwara-highway
SZXQF;fairfield-shenzhen-qianhai
WUTXF;fairfield-inn-xinzhou-xinfu
HAMKF;four-points-flex-kiel
PENER;marriott-executive-apartments-penang
SZKAK;leopard-sands-kruger-park-autograph-collection
SVQPB;hospes-palacio-del-bailio-a-member-of-design-hotels
MDTPT;towneplace-suites-pottsville
CNYRB;red-cliffs-lodge-moab-a-tribute-portfolio-hotel
TSNJP;four-points-tianjin-jiefang-bridge
CUNRI;residence-inn-cancun-hotel-zone
LONXE;hotel-xenia-autograph-collection
SHAPI;fairfield-shanghai-pudong-south
MANAL;aloft-manchester-city-centre
BKKSI;royal-orchid-sheraton-hotel-and-towers
LONPL;london-marriott-hotel-park-lane
ISTOX;moxy-istanbul-taksim
VIEOX;moxy-vienna-airport
NOUDR;le-domaine-deva-series
CPTCK;morea-house-autograph-collection
EBJEL;a-place-to-hotel-esbjerg
STRMD;le-meridien-stuttgart
BFSOX;moxy-belfast-city
QQYOX;moxy-york
LAJCA;residence-inn-san-diego-la-jolla
MDCMC;manado-marriott-resort-and-spa
CANHP;four-points-guangzhou-huangpu
ILMRS;studiores-wilmington
SGNBS;bach-suites-saigon-a-member-of-design-hotels
ALCFV;four-points-costa-blanca-villas
PHXMR;studiores-mesa-gateway-airport
HGHAY;courtyard-anji
INCXP;four-points-yinchuan-xingqing
YEGEL;element-edmonton-west
GDLCC;hotel-guadalajara-country-club-by-hnf
ONTSB;courtyard-san-bernardino-loma-linda
MIAAO;hotel-colonnade-coral-gables-autograph-collection
TPQXT;city-express-tepic
BOMRM;the-fern-residency-mumbai-mira-road-series
REUTA;ac-hotel-tarragona
DABTS;towneplace-suites-daytona-beach-oceanfront
DUSCC;moxy-duesseldorf-city
YYBFI;fairfield-inn-and-suites-north-bay
SJOAP;courtyard-san-jose-airport-alajuela
CUNPB;paraiso-de-la-bonita-a-luxury-collection-resort-riviera-maya-adult-all-inclusive
RTMMC;the-hague-marriott-hotel
MTYXO;city-express-monterrey-aeropuerto
KGLMC;kigali-marriott-hotel
LUXOX;moxy-luxembourg-airport
YVRDR;residence-inn-vancouver-downtown
RJKOM;opatija-marriott-resort-and-spa
CPTBR;protea-hotel-cape-town-waterfront-breakwater-lodge
DXBRB;renaissance-business-bay-hotel-dubai
TGZXT;city-express-tuxtla-gutierrez
BZOVM;vigilius-mountain-resort-a-member-of-design-hotels
DTWFY;fairfield-inn-and-suites-detroit-taylor
HKTKL;jw-marriott-khao-lak-resort-and-spa
YXUTS;towneplace-suites-london
SDQAL;aloft-santo-domingo-piantini
ROMWV;w-rome
FOCNF;fairfield-ningde-xiapu
CANKF;fairfield-guangzhou-konggang
TNAZZ;four-points-zibo-zichuan
FIHPR;protea-hotel-kinshasa
YULDB;delta-hotels-montreal
NAPOX;moxy-pompeii
LUGDS;giardino-lago-minusio-locarno-a-member-of-design-hotels
EAUSH;springhill-suites-eau-claire
JDHRJ;the-fern-residency-jodhpur-series
CHIDA;delta-hotels-chicago-ohare-airport
BOGCY;courtyard-bogota-airport
BKKPH;public-house-bangkok-a-member-of-design-hotels
FRADE;delta-hotels-frankfurt-offenbach
FAOMB;memmo-baleeira-hotel-a-member-of-design-hotels
GSPPF;fairfield-inn-and-suites-piedmont-greenville
HAJCY;courtyard-hannover-maschsee
HOUWL;houston-marriott-west-loop-by-the-galleria
ROMXR;the-st-regis-rome
QROXJ;city-express-queretaro-jurica
TBSMC;tbilisi-marriott-hotel
TIJXF;city-express-tijuana-el-florido
MLESI;sheraton-maldives-full-moon-resort-and-spa
HOUMQ;marriott-marquis-houston
AYTLD;delta-hotels-antalya-lara
PMIMC;marriotts-club-son-antem
BERKP;kpm-hotel-and-residences-berlin-a-member-of-design-hotels
MIADR;ac-hotel-miami-airport-west-doral
PARBE;hotel-de-berri-champs-elysees-a-luxury-collection-hotel-paris
DUBAL;aloft-dublin-city
CHACC;courtyard-cleveland-tn
SVQLC;hotel-alfonso-xiii-a-luxury-collection-hotel-seville
LYGFP;four-points-lianyungang
YTYYC;courtyard-yangzhou
BOGAL;aloft-bogota-airport
ROALR;residence-inn-lexington
MEXPT;city-express-plus-ciudad-de-mexico-interlomas
SZGJF;arabella-jagdhof-resort-am-fuschlsee-a-tribute-portfolio-hotel
YEGAF;four-points-edmonton-international-airport
CUUXC;city-express-chihuahua
TIJMC;tijuana-marriott-hotel
SLPFI;fairfield-inn-and-suites-san-luis-potosi
PSAAK;grand-universe-lucca-autograph-collection
TXKPF;fairfield-inn-and-suites-paris
DXBML;sheraton-mall-of-the-emirates-hotel-dubai
YOWTS;towneplace-suites-ottawa-kanata
LAXHL;the-hotel-lili-a-member-of-design-hotels
ZRHTH;the-home-hotel-zurich-a-member-of-design-hotels
SAVMG;municipal-grand-a-member-of-design-hotels
NYCAL;aloft-manhattan-downtown-financial-district
YYZDE;delta-hotels-toronto-mississauga
LISRI;residence-inn-lisbon
INDCX;the-tallison-hotel-a-tribute-portfolio-hotel
MVDAL;aloft-montevideo-hotel
HOUGC;courtyard-houston-by-the-galleria
JKTSA;sheraton-jakarta-soekarno-hatta-airport
YYZEA;element-toronto-airport
CUNXA;city-express-cancun-aeropuerto
TYSPP;towneplace-suites-pigeon-forge
PBCXA;city-express-puebla-angelopolis
YULBD;courtyard-montreal-west-island-baie-durfe
NCEMB;la-bastide-de-mougins-a-tribute-portfolio-hotel
CLEHM;tribute-portfolio-hotel-medina
FLRWH;w-florence
YYZTL;towneplace-suites-toronto-oakville
QPAFP;four-points-padova
NAVAK;fortuna-of-cappadocia-autograph-collection
MIDPM;city-express-plus-merida
PTYMC;marriott-panama-hotel
RAKPP;amerruk-marrakech-autograph-collection
PUJRS;royalton-splash-punta-cana-an-autograph-collection-all-inclusive-resort-and-casino
DXBJS;sheraton-jumeirah-beach-resort
CSGLF;fairfield-inn-and-suites-lagrange
PBIWK;the-belgrove-resort-and-spa-west-palm-beach-autograph-collection
AQIFP;four-points-hafar-al-batin
YOWOE;courtyard-ottawa-east
GWYSI;sheraton-athlone-hotel
MDEMC;medellin-marriott-hotel
YEGEW;courtyard-edmonton-west
BKKSP;sukhumvit-park-bangkok-marriott-executive-apartments
MLIBH;springhill-suites-bettendorf
YQGTX;the-insignia-hotel-sarnia-a-tribute-portfolio-hotel
ERFAK;hotel-elephant-weimar-autograph-collection
MUCRI;residence-inn-munich-city-east
SFOUW;the-westin-st-francis-san-francisco-on-union-square
CHIDB;hotel-55-chicago-downtown
SHAXB;the-st-regis-on-the-bund-shanghai
WAWSI;sheraton-grand-warsaw
YFCDF;delta-hotels-fredericton
CANBU;four-points-guangzhou-baie-tan
BRUGY;courtyard-ghent
ISTPF;four-points-istanbul-pendik
SMRMC;santa-marta-marriott-resort-playa-dormida
ATLDS;springhill-suites-dawsonville
ROMAU;rome-marriott-park-hotel
BUDFP;four-points-kecskemet-hotel-and-conference-center
SATCN;courtyard-san-antonio-north-stone-oak-at-legacy
YEGCY;courtyard-edmonton-downtown
YKFFP;four-points-cambridge-kitchener-ontario
BHMOT;towneplace-suites-oxford-al
PRGCY;courtyard-prague-city
NBSFP;four-points-changbaishan
LONTG;miiro-templeton-garden-a-member-of-design-hotels
YYZRI;residence-inn-toronto-airport
SATWL;courtyard-san-antonio-six-flags-at-the-rim
BKIFI;fairfield-kota-kinabalu
CMNCM;courtyard-casablanca-downtown
OLBPQ;w-sardinia-poltu-quatu
NYCOX;moxy-nyc-times-square
YWGFI;fairfield-inn-and-suites-winnipeg
RJKTX;jadran-rijeka-a-tribute-portfolio-hotel
MADAF;sonder-sofia-apartments-atocha
RICAR;residence-inn-richmond-airport
EGEAT;towneplace-suites-avon-vail-valley
SJOAC;residence-inn-san-jose-alajuela-el-coyol
TYSHC;hotel-cleo-knoxville-downtown-a-tribute-portfolio-hotel
ROMIT;citizenm-rome-isola-tiberina
CGNTF;the-deutz-a-tribute-portfolio-hotel
HOUOW;the-westin-oaks-houston-at-the-galleria
CPTEB;the-cape-town-edition
CMBLC;itc-ratnadipa-a-luxury-collection-hotel-colombo
CHAEH;springhill-suites-ellijay
GDLCA;courtyard-guadalajara-andares
YYCDC;delta-hotels-calgary-south
MCOYS;springhill-suites-orlando-at-millenia
MILSC;sheraton-lake-como-hotel
FUKHS;four-points-flex-fukuoka-hakata
CUNCM;the-st-regis-costa-mujeres-resort-cancun
NYCZT;citizenm-new-york-times-square
HNMMC;wailea-beach-resort-marriott-maui
PUJWI;the-westin-puntacana-resort-and-club
YINFI;fairfield-yining
MCOSS;springhill-suites-orlando-at-seaworld
LHRRI;residence-inn-slough
CTSKO;kimamaya-by-odin-a-member-of-design-hotels
ADBXT;moxy-izmir
YYZAP;courtyard-toronto-airport
SLPLF;fairfield-san-luis-potosi-los-lagos
MCODW;walt-disney-world-swan
SCLBR;renaissance-santiago-hotel
VLCDS;hospes-palau-de-la-mar-valencia-a-member-of-design-hotels
MIDRI;residence-inn-merida
CYRSI;sheraton-colonia-golf-and-spa-resort
LIRCJ;jw-marriott-costa-elena-resort-all-inclusive
MCOSC;springhill-suites-orlando-convention-center-international-drive-area
DALDR;residence-inn-dallas-by-the-galleria
FRAOK;moxy-frankfurt-airport-kelsterbach
YYZVT;towneplace-suites-vaughan
TGZMC;marriott-tuxtla-gutierrez-hotel
MCORL;residence-inn-orlando-lake-buena-vista
BRUBG;the-belson-brussels-a-tribute-portfolio-hotel
BOSFN;residence-inn-boston-back-bay-fenway
BJXHM;hotel-matilda-a-member-of-design-hotels
OAXXO;city-express-oaxaca
BODOX;moxy-bordeaux
NYCMD;courtyard-new-york-manhattan-times-square
YUMRI;residence-inn-yuma
LAXEB;the-west-hollywood-edition
BDLHT;towneplace-suites-east-hartford
DXBJW;jw-marriott-marquis-hotel-dubai
LUXMC;luxembourg-marriott-hotel-alfa
MILCY;courtyard-milano-linate
WUXHM;huzhou-marriott-hotel-nanxun
DTWAA;the-vanguard-ann-arbor-autograph-collection
INDFK;fairfield-inn-and-suites-kokomo
SWFTK;hotel-kinsley-a-member-of-design-hotels
BUESG;sheraton-buenos-aires-greenville-polo-and-resort
FLLAW;ac-hotel-fort-lauderdale-beach
JMKDK;myconian-kyma-a-member-of-design-hotels
WASWF;the-potomac-hotel-autograph-collection
DXBSI;sheraton-dubai-creek-hotel-and-towers
VERJO;city-express-junior-veracruz-aeropuerto
MLEMD;le-meridien-maldives-resort-and-spa
BJXXG;city-express-celaya-galerias
LONFB;four-points-flex-london-shoreditch-east
GYECY;courtyard-guayaquil
SJWFF;fairfield-shijiazhuang-station
SCLHP;le-meridien-santiago
YHMAK;the-pearle-hotel-and-spa-autograph-collection
MTYCY;courtyard-monterrey-airport
HNMSI;sheraton-maui-resort-and-spa
ARKNT;turaco-ngorongoro-valley-a-tribute-portfolio-lodge
SHASX;courtyard-shanghai-xujiahui
RUHMD;le-meridien-riyadh
YEGJW;jw-marriott-edmonton-ice-district
NAPNN;inn-naples-airport
KHHLC;the-amnis-a-luxury-collection-hotel-kaohsiung
FRARP;roomers-parkview-a-luxury-collection-hotel-frankfurt
AZSAK;donoma-las-terrenas-resort-and-villas-autograph-collection
MIACH;residence-inn-miami-beach-south-beach
IAHXE;city-express-houston-intercontinental-airport
MCOFW;fairfield-inn-and-suites-orlando-at-seaworld
SGNJS;jw-marriott-hotel-and-suites-saigon
PARLY;citizenm-paris-gare-de-lyon
SJOAL;aloft-san-jose-hotel-costa-rica
BEGSX;moxy-belgrade-skadarlija
YKFFI;fairfield-inn-and-suites-guelph
SPUBV;boutique-hotel-venturo-a-member-of-design-hotels
PHXHE;element-phoenix-north-norterra
YVEFI;fairfield-inn-and-suites-vernon
MEXPI;city-express-plus-insurgentes-sur
SSERS;the-fern-residency-solapur-series-
DXBMH;marriott-hotel-al-jaddaf-dubai
HERPC;phaea-cretan-malia-a-member-of-design-hotels
DPSUJ;jw-marriott-bali-ubud-resort-and-spa
CGOBF;fairfield-zhengzhou-beilonghu
TMPCY;courtyard-tampere-city
BTSLC;grand-hotel-river-park-a-luxury-collection-hotel-bratislava
AQAMV;mv-empower
HOUWA;the-westin-houston-medical-center-museum-district
BHYMC;beihai-marriott-resort
BRSRY;bristol-marriott-royal-hotel
BNADH;drift-nashville-a-member-of-design-hotels
PFOMD;parklane-a-luxury-collection-resort-and-spa-limassol
SATRC;san-antonio-marriott-rivercenter
GEGPS;springhill-suites-sandpoint
SZGLC;hotel-goldener-hirsch-a-luxury-collection-hotel-salzburg
ROSBA;brickton-rosario-apartments-bonvoy
CAISI;sheraton-cairo-hotel-and-casino
RECPG;the-westin-porto-de-galinhas-an-all-inclusive-resort
SKGAS;ekies-all-senses-resort-a-member-of-design-hotels
ANROX;moxy-antwerp
PBCXP;city-express-puebla-finsa
PBCFP;four-points-puebla
SFODT;san-francisco-marriott-marquis
ORKOX;moxy-cork
DPSHB;hiliwatu-bali-ubud-a-tribute-portfolio-resort
CENXO;city-express-ciudad-obregon
DOHCL;le-meridien-city-center-doha
YYCES;sheraton-suites-calgary-eau-claire
GOIFK;the-fern-kadamba-hotel-and-spa-goa-panjim-series
MIASW;towneplace-suites-miami-kendall-west
DPSMA;magia-de-uma-a-member-of-design-hotels
WASNM;citizenm-washington-dc-noma
SATBW;aztec-hotel-san-antonio-a-tribute-portfolio-hotel
LAPXL;city-express-la-paz
TUUMD;le-meridien-tabuk
JDZWP;four-points-wuyuan
MLURW;residence-inn-west-monroe
JIUSI;sheraton-jiujiang
CVNTS;towneplace-suites-clovis
JMKTI;odera-tinos-autograph-collection
PARXT;le-metropolitan-paris-tour-eiffel-a-tribute-portfolio-hotel
BCNRZ;hotel-arts-barcelona
SJOSI;sheraton-san-jose-hotel-costa-rica
LYASI;sheraton-luoyang
YNTFP;four-points-yantai
YULSA;sheraton-montreal-airport-hotel
JKTBF;fairfield-bekasi
PBILW;gulfstream-hotel-lake-worth-beach-a-tribute-portfolio-hotel
DEDRB;the-fern-brentwood-resort-mussoorie-series
CCSBR;renaissance-caracas-la-castellana-hotel
MADAX;four-points-flex-madrid-atocha
FUESI;sheraton-fuerteventura-beach-golf-and-spa-resort
TAOJP;four-points-qingdao-jiaozhou
HGHXP;four-points-hangzhou-xihu-district-xixi-wetland
SAVPA;four-points-savannah-airport
YSEWI;the-westin-resort-and-spa-whistler
CUNSR;royalton-splash-riviera-cancun-an-autograph-collection-all-inclusive-resort
HUZLP;four-points-shanwei-lufeng
MFEMA;springhill-suites-mcallen-convention-center
ECPER;studiores-panama-city-east
DRWCY;courtyard-darwin
YQBDR;delta-hotels-quebec
MSYSH;springhill-suites-new-orleans-warehouse-arts-district
CAESN;springhill-suites-columbia-north
YGKFI;fairfield-inn-and-suites-belleville
WUXLP;four-points-wuxi-liangxi
NYCET;courtyard-new-york-manhattan-times-square-west
BUDKC;dorothea-hotel-budapest-autograph-collection
NLDXN;city-express-nuevo-laredo
YYZMT;courtyard-toronto-northeast-markham
ROMCK;cardo-roma-autograph-collection
RJLLO;ac-hotel-la-rioja
LAXAX;residence-inn-los-angeles-lax-century-boulevard
SJOLP;four-points-san-jose-airport-alajuela
BERMT;courtyard-berlin-city-center
EVNMC;armenia-marriott-hotel-yerevan
YGKRI;residence-inn-kingston-waters-edge
PSECX;city-centro-ponce-plaza-and-casino-puerto-rico
DGOXD;city-express-durango
MCOEW;element-orlando-at-seaworld
BREOX;moxy-bremen
YYCBL;residence-inn-calgary-downtown-beltline-district
FLLPE;fairfield-inn-and-suites-fort-lauderdale-pembroke-pines
LAXPH;palihotel-melrose-a-member-of-design-hotels
BOIEA;residence-inn-eagle-boise
SRQLS;the-st-regis-longboat-key-resort
LAXRI;residence-inn-los-angeles-la-live
SJULC;la-concha-resort-puerto-rico-autograph-collection
SEAEN;element-seattle-downtown
MLBOE;element-melbourne-oceanfront
FRANV;lume-boutique-hotel-autograph-collection
CHIRX;city-express-rolling-meadows
MCIAD;ac-hotel-kansas-city-downtown
MHTBP;four-points-bedford-manchester-airport
DXBLV;la-ville-hotel-and-suites-city-walk-dubai-autograph-collection
MCOLT;towneplace-suites-lake-city
CVGMB;hotel-celare-cincinnati-midtown-a-tribute-portfolio-hotel
YQBDM;delta-hotels-mont-sainte-anne-resort-and-convention-center
MCOYW;towneplace-suites-orlando-at-seaworld
SMRSM;ac-hotel-santa-marta
SBPAF;fairfield-inn-and-suites-atascadero-paso-robles
DALWR;residence-inn-waxahachie
CPHRI;residence-inn-copenhagen-nordhavn
DALUX;moxy-dallas-uptown
SXBRI;residence-inn-strasbourg
RBATB;taghazout-bay-marriott-resort
MDEFI;fairfield-medellin-sabaneta
LRDFI;fairfield-inn-and-suites-laredo
DLCJF;fairfield-dalian-jinpu-new-area
INVCY;courtyard-inverness-airport
VIISI;sheraton-vinh
EWRLP;towneplace-suites-lyndhurst
RQSFI;fairfield-inn-and-suites-barrie
EGEAS;springhill-suites-avon-vail-valley
PBCJF;city-express-junior-puebla-finsa
SBPGH;springhill-suites-grover-beach-pismo-beach
PPSFP;four-points-palawan-puerto-princesa
HKGAP;hong-kong-skycity-marriott-hotel
RIZPC;four-points-rizhao-central-activities-zone
NYCTM;fairfield-inn-and-suites-new-york-manhattan-fifth-avenue
YYZAL;aloft-vaughan-mills
HAMMD;le-meridien-hamburg
ROMPS;sheraton-rome-parco-de-medici
MANAC;ac-hotel-manchester-salford-quays
CUNFD;fairfield-inn-and-suites-cancun-downtown
BOSZB;citizenm-boston-back-bay
BERDS;provocateur-berlin-a-member-of-design-hotels
SANME;element-san-diego-mission-valley
MEXWS;the-westin-santa-fe-mexico-city
SFOCN;courtyard-san-francisco-union-square
SLPJI;city-express-junior-san-luis-potosi-zona-industrial
WASMC;washington-marriott-at-metro-center
DUSHF;courtyard-duesseldorf-hafen
WASFC;fairfield-inn-and-suites-washington-dc-downtown
YKFCY;courtyard-waterloo-st-jacobs
LONMA;london-marriott-hotel-marble-arch
SATNW;san-antonio-marriott-northwest
PEGDS;la-bandita-townhouse-pienza-a-member-of-design-hotels
GRICT;towneplace-suites-columbus
MEXWM;w-mexico-city
GDLJP;city-express-junior-guadalajara-periferico-sur
YULOM;ac-hotel-old-montreal
ZLOXM;city-express-manzanillo
HGHCG;grand-new-century-resort-changxing-a-tribute-portfolio-resort
SBPRR;residence-inn-paso-robles
YULND;courtyard-montreal-midtown
SJDWV;the-westin-los-cabos-resort-villas
CHIWB;courtyard-chicago-downtown-river-north
MPLCY;courtyard-montpellier
LGWCY;courtyard-london-gatwick-airport
MILLE;the-lake-como-edition
VLLPA;ac-hotel-palencia
MCOPW;four-points-by-sheraton-orlando-convention-center
MEXCM;city-centro-ciudad-de-mexico
BOGJW;jw-marriott-hotel-bogota
MEXSF;jw-marriott-hotel-mexico-city-santa-fe
DALOK;hall-park-hotel-autograph-collection
PBIFF;fairfield-inn-and-suites-palm-beach
YVRDD;delta-hotels-vancouver-delta
LONSH;the-stratford-autograph-collection
KZRUS;sheraton-usak-hotel-and-thermal-spa
PBCDE;gran-hotel-de-puebla-by-hnf
LASPM;park-mgm-las-vegas-a-tribute-portfolio-resort
TRCXT;city-express-torreon
NYCTS;towneplace-suites-new-york-manhattan-times-square
YYZBF;fairfield-inn-and-suites-bradford
YXUFP;four-points-london
PDXSF;fairfield-inn-and-suites-salem-north
ODBCO;ac-hotel-cordoba
AMDRG;the-fern-residency-gandhinagar-series-
PARAR;ac-hotel-paris-porte-maillot
CPHDS;nobis-hotel-copenhagen-a-member-of-design-hotels
YYZPA;four-points-toronto-airport
MLBPS;springhill-suites-west-melbourne-palm-bay
EUGCD;courtyard-eugene-downtown
BOSBG;fairfield-inn-and-suites-boston-cambridge
BRNDS;the-cambrian-adelboden-a-member-of-design-hotels
CHICP;towneplace-suites-crown-point
MIAJT;jw-marriott-miami-turnberry-resort-and-spa
MUCOR;courtyard-munich-city-east
TSNGP;four-points-tianjin-gulou
HHQMR;hua-hin-marriott-resort-and-spa
YLWFE;fairfield-inn-and-suites-penticton
SHAMC;shanghai-marriott-marquis-city-centre
MPQMC;petra-marriott-hotel
CUUAK;vetta-distrito-uno-autograph-collection
HKTML;le-meridien-khao-lak-resort-and-spa
OSASU;four-points-flex-shin-osaka
MILIT;milan-marriott-hotel
MIARN;residence-inn-doral-mall-area
BLQEC;elizabeth-country-house-a-member-of-design-hotels
BHXAP;ac-hotel-birmingham-nec-and-airport
MEXXR;the-st-regis-mexico-city
OAKPC;courtyard-antioch-pittsburg
KLHFK;the-fern-kolhapur-series
BOGJO;city-express-junior-bogota-aeropuerto
SBPOR;residence-inn-san-luis-obispo
BURSI;sheraton-universal-hotel
HGHAC;ac-hotel-hangzhou
MUCFR;munich-airport-marriott-hotel
KULCS;courtyard-kuala-lumpur-south
BOMRD;the-fern-residency-mumbai-pritam-dadar-series
BGOOX;moxy-bergen
WASSX;the-st-regis-washington-dc
LGAEW;courtyard-edgewater-nyc-area
CHINR;springhill-suites-chicago-downtown-river-north
SFOPK;citizenm-menlo-park
DALDT;dallas-marriott-downtown
IXMRT;the-fern-residency-thekkady-series
FKBAK;roomers-baden-baden-autograph-collection
PENMC;penang-marriott-hotel
YYZMK;courtyard-toronto-markham
WUHHC;courtyard-wuhan-hankou
YQMRI;residence-inn-moncton
SJOCY;courtyard-san-jose-escazu
YHZDM;delta-hotels-dartmouth
SATDT;san-antonio-marriott-riverwalk
LISAB;altis-belem-hotel-and-spa-a-member-of-design-hotels
DALDZ;residence-inn-dallas-downtown
SHAXF;fairfield-shanghai-xuhui-center
SDFVF;fairfield-inn-and-suites-shelbyville
LONOF;moxy-london-stratford
XSCLC;salterra-a-luxury-collection-resort-and-spa-south-caicos
HGHJF;fairfield-hangzhou-jinsha-lake
QPAPA;ac-hotel-padova
LAXMX;city-express-manhattan-beach
YQRDR;delta-hotels-regina
MUCWE;munich-marriott-hotel-city-west
MIAMD;aloft-miami-dadeland
HFEPH;four-points-hefei-high-tech-zone
DXBHC;marriott-executive-apartments-al-jaddaf-dubai
VCEGL;the-gritti-palace-a-luxury-collection-hotel-venice
ABZCY;courtyard-aberdeen-airport
PARCX;moxy-paris-clamart
BRUOC;moxy-brussels-city-center
FLLSI;sheraton-suites-fort-lauderdale-west
PNATU;ac-hotel-ciudad-de-tudela
SHAQF;fairfield-shanghai-qingpu
PITHA;springhill-suites-pittsburgh-airport
HKTIB;iniala-beach-house-a-member-of-design-hotels
JAXTX;hotel-amalga-st-augustine-a-tribute-portfolio-hotel
PASOR;orosea-paros-autograph-collection
YSBFI;fairfield-inn-and-suites-sudbury
MEXJW;jw-marriott-hotel-mexico-city
LITFO;fairfield-inn-and-suites-little-rock-otter-creek
CHIFT;fairfield-inn-and-suites-chicago-downtown-river-north
AQAFX;growth-test-hotel-2
DXBDZ;the-heritage-hotel-autograph-collection
PVRMX;marriott-puerto-vallarta-resort-and-spa
SOCOX;moxy-solo
BZNFW;fairfield-inn-and-suites-bozeman-west
DPSUK;cicada-resort-bali-ubud-autograph-collection
DXBGL;grosvenor-house-a-luxury-collection-hotel-dubai
BKKDM;le-meridien-bangkok
QROAQ;aloft-queretaro
FRAOH;moxy-frankfurt-east
CSXSW;the-westin-changsha
DIJDS;vertigo-hotel-dijon-a-member-of-design-hotels
TLCJO;city-express-junior-toluca-aeropuerto
ISTUT;four-points-flex-istanbul-taksim-square
YYZCY;courtyard-toronto-downtown
LAPCY;courtyard-la-paz-baja-california-sur
JEDAR;marriott-executive-apartments-jeddah-al-salam
YQMDR;delta-hotels-beausejour
HNLWI;moana-surfrider-a-westin-resort-and-spa-waikiki-beach
YXURI;residence-inn-london-downtown
SHAKH;sheraton-kunshan-dianshan-lake
CPHDK;copenhagen-marriott-hotel
PARCE;citizenm-paris-champs-elysees
BOSWH;w-boston
JEDIK;lifestyle-living-al-salam-jeddah-apartments-bonvoy
YVRSI;sheraton-vancouver-guildford-hotel
MEMTG;towneplace-suites-memphis-germantown
SJUTJ;casa-costera-isla-verde-beach-apartments-bonvoy
YSJDB;delta-hotels-saint-john
PUSAH;anook-signature-busan-haeundae-series-by-marriot
WASAK;the-mayflower-hotel-autograph-collection
TNRDE;delta-hotels-antananarivo
MIAGB;courtyard-miami-coral-gables
BOSDT;courtyard-boston-copley-square
MILOS;ac-hotel-milan-sesto
LYSYE;courtyard-lyon-eurexpo-stadium
LONCW;london-marriott-hotel-canary-wharf
RHEAK;la-caserne-chanzy-hotel-and-spa-autograph-collection
MEXRV;courtyard-mexico-city-revolucion
NNGFP;four-points-nanning-wuxiang
CMHCT;towneplace-suites-chillicothe
YGKMC;kingston-marriott
NTGMD;le-meridien-nantong
SELUI;uh-seoul-insadong-series
EDIEU;four-points-flex-edinburgh
GDLDS;casa-habita-guadalajara-a-member-of-design-hotels
SEATT;towneplace-suites-tumwater
SEAOF;fairfield-inn-and-suites-olympia
EMANF;four-points-flex-nottingham
BJXAK;clevia-san-miguel-de-allende-autograph-collection
LAXGR;sheraton-grand-los-angeles
DALNT;towneplace-suites-forney
VLLAN;ac-hotel-palacio-de-santa-ana
MEMFF;fairfield-inn-and-suites-forrest-city
WFGCY;courtyard-wolfsburg
LONXR;the-st-regis-london
XNABC;ac-hotel-bentonville
MSNOX;moxy-madison-downtown
MGMPR;studiores-prattville
CHIBR;renaissance-chicago-ohare-suites-hotel
BOGAR;ac-hotel-bogota-zona-t
VCALM;legacy-mekong-can-tho-autograph-collection
OGDCR;studiores-clearfield-layton
MIAAX;hotel-beaux-arts-autograph-collection
ACHFP;four-points-panoramahaus-dornbirn
NYCHA;residence-inn-new-york-manhattan-midtown-east
DXBPX;the-st-regis-dubai-the-palm
LIMAC;ac-hotel-lima-miraflores
ISTAD;adahan-decamondo-pera-autograph-collection
TFNAC;ac-hotel-tenerife
BUEMB;buenos-aires-marriott
HOUXE;city-express-i-10-west-energy-corridor
JZHAS;four-points-aba-songpan
LYIBF;fairfield-linyi-beicheng-new-district
NYCES;courtyard-new-york-manhattan-fifth-avenue
YOWDM;delta-hotels-ottawa-city-centre
BEROX;moxy-berlin-ostbahnhof
LONPK;st-pancras-london-autograph-collection
BUDER;millennium-court-budapest-marriott-executive-apartments
SHAYM;shanghai-marriott-hotel-yangpu-riverside
ABEFA;fairfield-inn-and-suites-bethlehem-lehigh
CKGOX;moxy-chongqing
MEXXZ;city-express-cdmx-plaza-central
HAMHC;courtyard-hamburg-city
DTWSH;fairfield-inn-and-suites-detroit-sterling-heights
MCOIP;marriotts-imperial-palms-villas
HDBOX;moxy-ludwigshafen
FLLGR;residence-inn-fort-lauderdale-coconut-creek
KKYAK;mount-juliet-estate-autograph-collection
HOUSH;springhill-suites-houston-brookhollow
NAPMU;four-points-flex-naples-marigliano
SZXNP;four-points-shenzhen-nanshan
BUDXR;the-st-regis-budapest
ATLDL;element-atlanta-perimeter-center
HSNNF;fairfield-zhoushan-new-city
RUHWH;w-riyadh-kafd
DPSTA;avala-nusa-dua-bali-a-tribute-portfolio-resort
CHIKC;residence-inn-chicago-tinley-park
SNAPX;city-express-placentia-anaheim
MSYNF;residence-inn-new-orleans-french-quarter-area-central-business-district
MRUXM;the-st-regis-le-morne-resort-mauritius
HOUDM;le-meridien-houston-downtown
HGHDF;fairfield-deqing
BKKEO;marriott-executive-apartments-bangkok-sukhumvit-101
ROMPE;argentario-golf-and-wellness-resort-autograph-collection
GDLPP;city-express-plus-guadalajara-palomar
MIAMB;marriott-stanton-south-beach
YBGJS;delta-hotels-saguenay-conference-centre
DXBDD;hotel-boulevard-autograph-collection
AATFI;fairfield-altay-city
CMNMD;le-meridien-casablanca
LONTH;town-hall-hotel-london-a-member-of-design-hotels
WROAR;ac-hotel-wroclaw
LONDP;delta-hotels-peterborough
MCOFA;fairfield-inn-orlando-airport
DUSRI;residence-inn-essen-city
MTYFA;four-points-by-sheraton-monterrey-airport
ISTKD;delta-hotels-istanbul-karakoy
TYSMT;towneplace-suites-morristown
IXCRS;the-fern-surya-resort-dharampur-kasauli-hills-series-
KMQCY;courtyard-fukui
PARCR;chateau-de-la-resle-a-member-of-design-hotels
SFOKD;the-jay-autograph-collection
FLLFD;four-points-fort-lauderdale-airport-dania-beach
CANSS;four-points-guangzhou-south-station
CHACT;towneplace-suites-calhoun
OKCMT;towneplace-suites-midwest-city
SHAJW;jw-marriott-hotel-shanghai-at-tomorrow-square
RIZFP;four-points-rizhao
FIHFP;four-points-kinshasa
SDQCY;courtyard-santo-domingo
HKTNB;phuket-marriott-resort-and-spa-nai-yang-beach
MCOFV;fairfield-inn-and-suites-orlando-lake-buena-vista
AQABA;ba-growth-test-hotel
BERAG;hotel-luc-autograph-collection
YHMBU;courtyard-burlington
BJIXE;city-express-bemidji
DADFP;four-points-danang
TBSSI;sheraton-grand-tbilisi-metechi-palace
GDNSI;sheraton-sopot-hotel
DENRV;residence-inn-arvada-denver-west
SJDDH;drift-san-jose-del-cabo-a-member-of-design-hotels
PSEAL;aloft-ponce-hotel-and-casino
LONWD;delta-hotels-waltham-abbey
BJSJW;jw-marriott-hotel-beijing
PARCG;citizenm-paris-charles-de-gaulle-airport
GTFTS;towneplace-suites-great-falls
VCEJW;jw-marriott-venice-resort-and-spa
CANYP;courtyard-guangzhou-pazhou
HGHCC;renaissance-hangzhou-qianjiang-century-city-hotel
HRGSS;sheraton-soma-bay-resort
TIJPC;courtyard-tijuana-plaza-toreo
YYZSV;springhill-suites-toronto-vaughan
TPAPB;the-luce-st-pete-beach-a-tribute-portfolio-hotel
UDRRU;the-fern-residency-udaipur-series
MCOOI;courtyard-orlando-international-drive-convention-center
LAXPB;le-petit-pali-brentwood-a-member-of-design-hotels
SHAQP;four-points-shanghai-qingpu-new-city
XCRRP;four-points-reims-cathedrale
SANRH;residence-inn-san-diego-downtown-bayfront
NKGCF;fairfield-chuzhou-railway-station
MCOZD;residence-inn-orlando-downtown
MIADO;fairfield-inn-and-suites-miami-airport-west-doral
OSAYU;four-points-flex-kyoto-oike
MIABR;citizenm-miami-brickell
CTASI;four-points-catania-hotel-and-conference-center
VSACY;courtyard-villahermosa-tabasco
SJCYA;courtyard-san-jose-airport
LASGM;mgm-grand-hotel-and-casino
WASWC;the-westin-dc-downtown
PAPMC;marriott-port-au-prince-hotel
NYCEL;element-new-york-times-square-west
CUNPO;city-express-plus-cancun-aeropuerto-riviera
PARLD;renaissance-paris-la-defense-hotel
LAXHW;springhill-suites-los-angeles-lax-manhattan-beach
CTSCY;courtyard-sapporo
YEGTS;towneplace-suites-edmonton-south
JGSJP;four-points-jian
MCOKX;fairfield-inn-and-suites-orlando-kissimmee-celebration
AQATX;tx-growth-test-hotel
BHJRB;the-fern-residency-bhuj-series
BJSHR;renaissance-beijing-haidian-hotel
ATQER;marriott-executive-apartments-mall-road-amritsar
LAXDS;avalon-hotel-beverly-hills-a-member-of-design-hotels
ALCFP;four-points-costa-blanca-resort
MFEFI;fairfield-inn-and-suites-mcallen-airport
STIAC;ac-hotel-santiago-de-los-caballeros
MADZM;el-autor-hotel-madrid-autograph-collection
MIACB;courtyard-miami-beach-south-beach
AUSOX;moxy-austin-university
LONEB;the-london-edition
MIAAL;aloft-miami-doral
SANRG;residence-inn-san-diego-downtown-gaslamp-quarter
AUSHT;towneplace-suites-hutto
LASVG;marriotts-grand-chateau
LGBFP;sheraton-los-angeles-san-gabriel
CUNAN;casa-nizuc-a-tribute-portfolio-resort
SANVA;marriott-vacation-club-san-diego
BJSHE;element-beijing-huairou
VERAC;ac-hotel-veracruz
ZCLXZ;city-express-zacatecas
ONTVF;fairfield-inn-and-suites-victorville
MIAAN;ac-hotel-miami-aventura
HRGEG;hurghada-marriott-beach-resort
FLLDB;springhill-suites-fort-lauderdale-airport-and-cruise-port
LIRPH;planet-hollywood-costa-rica-by-royalton-an-autograph-collection-all-inclusive-resort
MQTTS;towneplace-suites-marquette
ATLYN;courtyard-atlanta-dunwoody
SAOSI;sheraton-sao-paulo-wtc-hotel
MCETH;springhill-suites-turlock
MCOKK;springhill-suites-orlando-lake-buena-vista-south
SFOVM;marriott-vacation-club-pulse-san-francisco
MEXXV;city-express-cdmx-la-villa
GLAOX;moxy-glasgow-merchant-city
PXMTR;terrestre-a-member-of-design-hotels
OPOPO;ac-hotel-porto
MLOSS;stamna-sifnos-a-member-of-design-hotels
CUUSI;sheraton-chihuahua-soberano
BOMFM;meluha-the-fern-mumbai-powai-series
BCNWH;w-barcelona
BJSMQ;beijing-marriott-marquis-hotel
GRZAA;augarten-art-hotel-a-member-of-design-hotels
MIAMV;marriott-vacation-club-pulse-south-beach
YYZTD;residence-inn-toronto-downtown-entertainment-district
NKCSI;sheraton-nouakchott-hotel
BEROM;moxy-berlin-humboldthain-park
BCNSM;ac-hotel-som
SZXJQ;jw-marriott-hotel-shenzhen-snow-world
YYCRI;residence-inn-calgary-airport
ERIGT;towneplace-suites-geneva-at-spire-academy
CHISF;found-hotels-chicago-series
SJDPC;city-express-plus-cabo-san-lucas
MADGU;ac-hotel-guadalajara-spain
YWGAP;courtyard-winnipeg-airport
HKGDT;jw-marriott-hotel-hong-kong
NYCSG;renaissance-new-york-midtown-hotel
NYCMQ;new-york-marriott-marquis
PUJHI;royalton-hideaway-punta-cana-an-autograph-collection-all-inclusive-resort-and-casino-adults-only
AGPHT;salitre-hotel-malaga-centro-sonder
SNABH;the-buena-park-grand-hotel-and-suites
GVAOS;moxy-sion
BKKBP;marriott-executive-apartments-bangkok-sukhumvit-thonglor
LONDB;delta-hotels-bexleyheath
CPHLF;four-points-flex-lyngby
BKKEF;marriott-executive-apartments-bangkok-sukhumvit-50
TPEMT;madison-taipei-a-tribute-portfolio-hotel
BLQBO;ac-hotel-bologna
LJGFI;fairfield-lijiang-ancient-town
DENFE;farifield-inn-and-suites-denver-central-park
ORKRI;residence-inn-cork
JAIRR;the-fern-ranthambhore-forest-resort-sawai-madhopur-series
MZTXM;city-express-mazatlan
BPTBT;towneplace-suites-beaumont
PAZCY;courtyard-tuxpan-veracruz
LAXSI;sheraton-gateway-los-angeles-hotel
LIMSI;sheraton-lima-historic-center
PNQRV;the-fern-residency-pune-vadgaon-talegaon-series
STRSX;moxy-stuttgart-feuerbach
GDNGI;the-brick-a-tribute-portfolio-hotel
PSAPS;ac-hotel-pisa
HOUJW;jw-marriott-houston-by-the-galleria
HGHFU;fairfield-hangzhou-fuyang
TBSRH;rooms-tbilisi-a-member-of-design-hotels
DALRR;residence-inn-roanoke
SZGTX;june-six-salzburg-a-tribute-portfolio-hotel
LONAK;threadneedles-autograph-collection
SANDH;springhill-suites-san-diego-downtown-bayfront
YGKDK;delta-hotels-kingston-waterfront
ABQUF;fairfield-inn-and-suites-albuquerque-uptown
NOUSR;le-domaine-noumea-series
ROMTX;the-regency-rome-a-tribute-portfolio-hotel
SWFWC;courtyard-harriman-woodbury
LONBS;citizenm-london-bankside
CLTXE;city-express-charlotte-south-end
SALSI;sheraton-presidente-san-salvador-hotel
BOSCY;courtyard-boston-cambridge
AAROX;moxy-aarhus
BKKAL;aloft-bangkok-sukhumvit-11
LCVBR;renaissance-tuscany-il-ciocco-resort-and-spa
SGNJT;jw-marriott-hotel-and-suites-saigon-the-apartments
LONDT;london-marriott-hotel-grosvenor-square
CTSOX;moxy-niseko-village
TLSTB;residence-inn-toulouse-blagnac-airport
VIEOE;moxy-vienna-city-east
BJSIM;the-imperial-mansion-beijing-marriott-executive-apartments
SVQCT;confidencia-sevilla-a-tribute-porfolio-hotel
ILGNR;residence-inn-newark-de
YQBPU;hotel-pur-quebec-a-tribute-portfolio-hotel
AUAAR;aruba-marriott-resort-and-stellaris-casino
ROMDU;elizabeth-unique-hotel-a-member-of-design-hotels
MCORE;residence-inn-orlando-east-ucf-area
PARMC;paris-marriott-charles-de-gaulle-airport-hotel
DTMBF;four-points-flex-bochum
PBCMC;marriott-puebla-hotel-meson-del-angel
LHRSS;sheraton-skyline-hotel-london-heathrow
BOSAB;ac-hotel-boston-cleveland-circle
SEAWK;the-somm-hotel-and-spa-autograph-collection
YYZLM;le-meridien-toronto-pinnacle-hotel
CVGPN;towneplace-suites-cincinnati-oakley
MANTX;hotel-football-old-trafford-a-tribute-portfolio-hotel
CUNRC;royalton-chic-cancun-an-autograph-collection-all-inclusive-resort-adults-only
LAXNC;marriotts-newport-coast-villas
NYCBO;citizenm-new-york-bowery
BCNHA;los-arcos-hotel-gothic-quarter-sonder
NCEHC;hotel-du-couvent-a-luxury-collection-hotel-nice-france
DLHTS;towneplace-suites-duluth
NYCRI;residence-inn-new-york-manhattan-times-square
SMFCE;residence-inn-sacramento-cal-expo
FLLRA;residence-inn-fort-lauderdale-airport-and-cruise-port
STOCY;courtyard-stockholm-kungsholmen
AMSEL;element-amsterdam
GEOAC;ac-hotel-georgetown-guyana
JEDMP;four-points-makkah-ibrahim-al-khalil
MSYRF;hotel-de-la-poste-french-quarter-a-renaissance-hotel
AMSOU;moxy-utrecht
GLZAK;hotel-nassau-breda-autograph-collection
MFEAL;aloft-mcallen
EZSFP;four-points-elazig
LHRBR;renaissance-london-heathrow-hotel
ZRHCY;courtyard-zurich-north
YQBEP;four-points-edmundston-hotel-and-conference-center
ATLAY;courtyard-athens-downtown
FLLNE;residence-inn-fort-lauderdale-intracoastal-il-lugano
CRPRS;residence-inn-corpus-christi-south
CZMDE;papaya-playa-project-tulum-a-member-of-design-hotels
AGUJC;city-express-junior-aguascalientes-centro
AUHWH;w-abu-dhabi-yas-island
MCOYR;residence-inn-orlando-at-millenia
BOMFV;the-fern-shelter-resort-palghar-series
UKYOX;moxy-kyoto
BTVAC;ac-hotel-burlington
HNMWI;the-westin-maui-resort-and-spa-kaanapali
PHXSU;springhill-suites-surprise
BJXXI;city-express-irapuato
YYZBW;the-westin-toronto-airport
BZOPM;parkhotel-mondschein-a-member-of-design-hotels
CAEFW;fairfield-inn-and-suites-west-columbia-airport
MUCCY;courtyard-munich-city-center
AUSAW;ac-hotel-austin-university
MIACD;ac-hotel-miami-dadeland
SATCY;courtyard-san-antonio-airport-north-star-mall
STNDE;delta-hotels-colchester
CUNLA;aloft-playa-del-carmen
GUACY;courtyard-guatemala-city
XIYBP;four-points-xian-bell-tower
MTYFL;four-points-by-sheraton-monterrey-linda-vista
INDLF;fairfield-inn-and-suites-lebanon
TAMXT;city-express-tampico
BZOVA;villa-arnica-a-member-of-design-hotels
HOULX;houston-grand-hotel-river-oaks
MEMCR;studiores-memphis-cordova
SDQCD;courtyard-santo-domingo-piantini
YIHWI;the-westin-yichang
SJOFA;fairfield-san-jose-airport-alajuela
CUNFI;fairfield-inn-and-suites-cancun-airport
DIYFP;four-points-diyarbakir
CKGYP;four-points-chongqing-yuzhong-peninsula
JJNHP;four-points-quanzhou-huian
MDCCY;courtyard-manado
AGPPY;marriotts-playa-andaluza
CSXCW;changsha-marriott-hotel-west
DLUEU;four-points-dali-erhai
SANDY;courtyard-san-diego-downtown-little-italy
LONPG;the-cura-hotel-kensington-london-a-tribute-portfolio-hotel
OSAKM;kyoto-marriott-hotel
CTUFH;fairfield-chengdu-hi-tech-zone
PMCCY;courtyard-puerto-montt
SZGSI;sheraton-grand-salzburg
MIAMS;springhill-suites-miami-doral
MIALG;springhill-suites-miami-airport-south-blue-lagoon-area
NTGCY;courtyard-nantong
AUSWI;the-westin-austin-downtown
SHAHR;renaissance-shanghai-hongqiao
RTMHM;the-middelland-hotel-sonder
BLISV;postcard-cabins-skagit-valley-outdoor-collection-bonvoy
MIAPT;fairfield-inn-and-suites-miami-airport-south
CGOSF;fairfield-zhengzhou-shuanghe-lake
TUCSI;sheraton-tucuman-hotel
CEBFI;fairfield-cebu-mactan
MCODE;delta-hotels-orlando-lake-buena-vista
HAMWI;the-westin-hamburg
MADCZ;the-westin-madrid-cuzco
RSWSP;towneplace-suites-fort-myers-gulf-coast
CJSFP;four-points-by-sheraton-ciudad-juarez
XMNSJ;sheraton-grand-xiamen-jimei
ORNMD;le-meridien-oran-hotel-and-convention-centre
BUHSI;sheraton-bucharest-hotel
RICSE;element-short-pump
ATLJD;jw-marriott-atlanta-downtown
YEIBG;four-points-flex-bursa-nilufer
HGHZF;fairfield-hangzhou-zhuantang
STRAL;aloft-stuttgart
LUNAP;protea-hotel-lusaka-international-airport
CHIMM;courtyard-chicago-downtown-magnificent-mile
MTYAC;ac-hotel-monterrey-valle
SELAI;anook-signature-incheon-guwol-series
BERAC;ac-hotel-berlin-humboldthain-park
WASGX;canal-house-of-georgetown-a-tribute-portfolio-hotel
CVGFN;fairfield-inn-and-suites-cincinnati-oakley
ZRHBR;renaissance-zurich-tower-hotel
CUNXC;city-express-cancun
MEMFT;towneplace-suites-forrest-city
MYCMC;marriott-maracay-golf-resort
DENEU;four-points-englewood-centennial-airport
QRWDP;protea-hotel-delta
JEDEB;the-jeddah-edition
STLWT;towneplace-suites-wentzville
EBBER;marriott-executive-apartments-kampala
YXXCF;fairfield-inn-and-suites-chilliwack
LONAM;montcalm-east-autograph-collection
BGMMX;city-express-milford-cooperstown
NYCFI;fairfield-inn-and-suites-new-york-manhattan-times-square
SEZTX;laila-seychelles-a-tribute-portfolio-resort
CUNRP;residence-inn-playa-del-carmen
SANDL;residence-inn-san-diego-del-mar
BLRRS;the-fern-residency-bengaluru-seshadripuram-series-
HSVFC;fairfield-inn-and-suites-cullman
REXXO;city-express-reynosa-aeropuerto
PMIDS;hospes-maricel-and-spa-palma-de-mallorca-a-member-of-design-hotels
MEXPM;city-express-plus-ciudad-de-mexico-mundo-e
ALCDS;hospes-amerigo-alicante-a-member-of-design-hotels
BKKBR;renaissance-bangkok-ratchaprasong-hotel
IXEFT;tapovana-the-fern-sakleshpur-series
WUXNP;four-points-huzhou-nanxun
MCOWC;orlando-world-center-marriott
SANCG;courtyard-san-diego-gaslamp-convention-center
MCOTS;towneplace-suites-orlando-east-ucf-area
SAOAP;sao-paulo-airport-marriott-hotel
SATDW;fairfield-inn-and-suites-san-antonio-alamo-plaza-convention-center
MMJJJ;matsumoto-jujo-a-member-of-design-hotels
WASKA;the-satire-autograph-collection
LTNDE;delta-hotels-milton-keynes
BJXCY;courtyard-leon-at-the-poliforum
SALFI;fairfield-san-salvador
LYIIF;fairfield-linyi-international-convention-and-exhibition-center
NGBYS;sheraton-ningbo-yinzhou
ELPCV;courtyard-el-paso-downtown-convention-center
NYCHW;11-howard-new-york-a-member-of-design-hotels
AGSGF;fairfield-inn-and-suites-grovetown
CUUCY;courtyard-chihuahua
SNAJW;jw-marriott-anaheim-resort
SLWCS;courtyard-saltillo
LONBX;four-points-flex-brighton-seafront
SNALT;tiller-house-laguna-hills-a-tribute-portfolio-hotel
SAVTP;towneplace-suites-savannah-pooler
CJJPY;courtyard-pyeongtaek
BSLBC;courtyard-biel-bienne
SJOAA;ac-hotel-heredia-belen
BOSOX;moxy-boston-downtown
NAPBR;renaissance-naples-hotel-mediterraneo
YYCUL;aloft-calgary-university
CUNXR;the-st-regis-kanai-resort-riviera-maya
SINTC;21-carpenter-singapore-a-member-of-design-hotels
HOUPF;fairfield-inn-and-suites-la-porte
FSZHM;hamamatsu-marriott-hotel
YEGEF;four-points-edmonton-gateway
PHXZT;towneplace-suites-surprise-prasada
SHAXS;aqua-caeli-hotel-shanghai-fengjing-a-tribute-portfolio-hotel
MADVA;ac-hotel-los-vascos
HSVMR;residence-inn-madison
MIDHS;hotel-sevilla-a-member-of-design-hotels
BKKWB;w-bangkok
SNAAG;residence-inn-anaheim-resort-area-garden-grove
TIJXR;city-express-tijuana-rio
CTUUC;four-points-chengdu-chunxi-road
SHASY;renaissance-shanghai-yu-garden-hotel
SINSP;four-points-singapore-jurong
MADRE;hotel-palacio-del-retiro-autograph-collection
KRKSI;sheraton-grand-krakow
CPHAF;four-points-flex-copenhagen-airport
DXBPR;vintage-grand-hotel-apartments-dubai
TBSBF;the-blue-fox-hotel-a-member-of-design-hotels
FRAIO;sheraton-offenbach-hotel
PARGL;courtyard-paris-gare-de-lyon
NUEMD;le-meridien-grand-hotel-nuremberg
YKFDG;delta-hotels-guelph-conference-centre
MIAGV;courtyard-miami-coconut-grove
JAIFI;fairfield-jaipur-tonk-road
AUABR;renaissance-wind-creek-aruba-resort
WAWHF;h15-boutique-hotel-warsaw-a-member-of-design-hotels
MANDA;delta-hotels-manchester-airport
IAGTR;towneplace-suites-niagara-falls
GLAAR;ac-hotel-glasgow
GDLCR;residence-inn-guadalajara-country-club
YEGES;delta-hotels-edmonton-south-conference-centre
PHLYD;courtyard-philadelphia-downtown
LPBAH;atix-hotel-a-member-of-design-hotels
NKGGP;four-points-nanjing-gulou-district
NYCTF;four-points-midtown-times-square
TYOUU;four-points-flex-tokyo-ueno
OPOSI;sheraton-porto-hotel-and-spa
SANVS;sheraton-mission-valley-san-diego-hotel
MNLAC;ac-hotel-manila
FRAOS;moxy-simmern
LONER;marriott-executive-apartments-london-canary-wharf
MCOAR;residence-inn-orlando-airport
DTWAC;ac-hotel-detroit-at-the-bonstelle
MADFI;ac-hotel-la-finca
YSJAK;the-algonquin-resort-st-andrews-by-the-sea-autograph-collection
BOSCB;boston-marriott-cambridge
ORFTA;towneplace-suites-norfolk-airport
NAPCN;plaza-caserta
YIWFI;fairfield-pujiang
LIRWI;the-westin-reserva-conchal-an-all-inclusive-golf-resort-and-spa
LRDRI;residence-inn-laredo-del-mar
ROMDT;rome-marriott-grand-hotel-flora
YXEDB;delta-hotels-bessborough
BODBR;renaissance-bordeaux-hotel
LBADT;leeds-marriott-hotel
TQOOX;moxy-tulum
QROXQ;city-express-queretaro
MILOL;moxy-milan-linate-airport
HNYFP;four-points-hengyang-zhengxiang
SZGBG;the-comodo-a-member-of-design-hotels
LASMB;mandalay-bay-resort-and-casino-mgm-collection
NYCFO;four-points-by-sheraton-manhattan-soho-village
NYCDF;four-points-new-york-downtown
PUJRX;the-residences-at-the-st-regis-cap-cana-resort
MEMSF;fairfield-inn-and-suites-southaven-snowden-grove
FKBLL;moxy-karlsruhe
LBCSC;courtyard-schwerin
PNQRW;the-fern-residency-pune-woodland-series-
MIADM;courtyard-miami-at-dolphin-mall
CPHHF;four-points-flex-hillerod
TIJJO;city-express-junior-tijuana-otay
CUNRV;royalton-riviera-cancun-an-autograph-collection-all-inclusive-resort-and-casino
LONVS;citizenm-london-victoria-station
YYZTO;fairfield-inn-toronto-oakville
MUCMU;four-points-munich-messe
BWIGN;guesthouse-by-good-neighbor-a-member-of-design-hotels
YOWBT;towneplace-suites-ottawa-barrhaven
CHIAX;hotel-chicago-downtown-autograph-collection
SFOVN;courtyard-san-francisco-downtown-van-ness-ave
AUSRD;residence-inn-austin-downtown-convention-center
CLTPA;four-points-charlotte-airport
ISKFP;four-points-nashik
LIMTX;humano-lima-a-tribute-portfolio-hotel
YYCBM;moxy-banff
LONGR;sheraton-grand-london-park-lane
CLOMC;cali-marriott-hotel
BUDCY;courtyard-budapest-city-center
BUEPL;park-tower-a-luxury-collection-hotel-buenos-aires
SDQFP;four-points-santo-domingo
SCLCA;courtyard-santiago-airport
IBZFK;sabatic-formentera-autograph-collection
TOLPV;towneplace-suites-toledo-perrysburg
HANHS;sheraton-hanoi-hotel
MTHMC;courtyard-faro-blanco-resort
DAYBF;fairfield-inn-and-suites-dayton-beavercreek
SVQJU;ac-hotel-sevilla-forum
SANCE;element-san-diego-chula-vista
VITBK;palacio-tondon-la-rioja-brinas
NYCOS;moxy-nyc-chelsea
YQGTS;towneplace-suites-windsor
MILGB;gombit-hotel-bergamo
NYCTR;sheraton-tribeca-new-york-hotel
YQGFS;four-points-point-edward-sarnia
SELGA;ac-hotel-seoul-geumjeong
MILNT;nemi-milan-a-tribute-portfolio-hotel
LAXCI;courtyard-marina-del-rey
ELPNW;towneplace-suites-el-paso-northwest
MILWI;the-westin-palace-milan
CURPB;curacao-marriott-beach-resort
SELSG;anook-signature-hotel-seoul-guro-series
MCOAV;aloft-orlando-lake-buena-vista
CHIXE;elgin-inn
ROMCP;courtyard-rome-central-park
LUGGA;giardino-ascona-a-member-of-design-hotels
BJXLS;sheraton-leon
WAWBR;renaissance-warsaw-airport-hotel
FOCTF;fairfield-fuzhou-taijiang
GUAMG;marriott-guatemala-city-cayala
KWEGG;four-points-guiyang-guanshanhu
RFDFX;city-express-freeport
NYCSW;the-westin-new-york-at-times-square
REXXR;city-express-reynosa
BOGWH;w-bogota
CUNJW;jw-marriott-cancun-resort-and-spa
ILDBA;hotel-ac-baqueira-ski-resort-autograph-collection
JGAFS;the-fern-sattva-resort-dwarka-series
MADAV;ac-hotel-avenida-de-america
FLLWM;springhill-suites-fort-lauderdale-miramar
KMGDU;four-points-kunming-dongfeng-square
SGNBR;renaissance-riverside-hotel-saigon
HZGFP;four-points-hanzhong-riverside
RSWSR;studiores-fort-myers-airport
YULLS;sheraton-laval-hotel
NYCLF;ac-hotel-new-york-downtown
OKCBH;bradford-house-a-member-of-design-hotels
GEOMC;guyana-marriott-hotel-georgetown
YXUWT;towneplace-suites-woodstock
MCOWE;towneplace-suites-orlando-theme-parks-lake-buena-vista
AMSVT;corendon-amsterdam-schiphol-airport-a-tribute-portfolio-hotel
SELTX;the-link-seoul-a-tribute-portfolio-hotel
CVGOF;fairfield-inn-and-suites-oxford
MYRFI;fairfield-inn-and-suites-myrtle-beach-oceanfront
NYCBX;residence-inn-new-york-the-bronx-at-metro-center-atrium
SBPOH;springhill-suites-san-luis-obispo
KBRBF;fairfield-kuala-besut
HGHGF;fairfield-hangzhou-gongshu
HOUAR;residence-inn-pearland
BJXFI;fairfield-inn-and-suites-silao-guanajuato-airport
YYZMS;courtyard-toronto-mississauga-meadowvale
PARRI;residence-inn-paris-charles-de-gaulle-central-airport
MADCL;the-palace-a-luxury-collection-hotel-madrid
EDISI;sheraton-grand-hotel-and-spa-edinburgh
LIMDT;jw-marriott-hotel-lima
FLLTC;towneplace-suites-fort-lauderdale-west
FUOMC;foshan-marriott-hotel
MTYJW;jw-marriott-hotel-monterrey-valle
CUNEK;the-riviera-maya-edition-at-kanai
SALCY;courtyard-san-salvador
YOWSI;sheraton-ottawa-hotel
ATLCF;fairfield-inn-and-suites-cornelia
YULLE;le-westin-montreal
DPSRB;the-royal-beach-seminyak-bali
YOWWI;the-westin-ottawa
DUSSO;sheraton-duesseldorf-airport-hotel
QROQA;ac-hotel-queretaro-antea
SLASS;sheraton-salta-hotel
YHZWI;the-westin-nova-scotian
YYCAK;the-dorian-autograph-collection
NYCBK;new-york-marriott-at-the-brooklyn-bridge
TPESC;suz-and-catorze-taipei-a-tribute-portfolio-hotel
MIATW;three-waters-resort-and-marina-islamorada-a-tribute-portfolio-resort
SXBHL;hotel-liberty-a-member-of-design-hotels
ATLMS;atlanta-marriott-suites-midtown
TIJSR;city-express-suites-tijuana-rio
ZRHCM;citizenm-zurich
NYCRL;residence-inn-new-york-downtown-manhattan-world-trade-center-area
YYCKK;kananaskis-mountain-lodge-autograph-collection
MEXDD;downtown-mexico-a-member-of-design-hotels
FRAAR;villa-rothschild-autograph-collection
WUXHP;four-points-huzhou
LRDTS;towneplace-suites-laredo
LIMFL;fairfield-lima-miraflores
SJCTD;towneplace-suites-san-jose-downtown
BOMFF;fairfield-mumbai-andheri-west
HLNFN;fairfield-inn-and-suites-helena-north
PRGPA;courtyard-prague-airport
MRUSP;salt-of-palmar-mauritius-a-member-of-design-hotels
JEDKM;courtyard-makkah
LYIHP;four-points-linyi-hedong
CUNMH;mystique-holbox-by-royalton-a-tribute-portfolio-resort
KLXWI;the-westin-resort-costa-navarino
VSAMC;villahermosa-marriott-hotel
SLCVI;marriotts-summit-watch
MTYPS;city-express-plus-monterrey-nuevo-sur
GDLJW;jw-marriott-hotel-guadalajara
PEGRU;rastrello-a-member-of-design-hotels
PQCOX;moxy-phu-quoc-hon-thom
BFSAC;ac-hotel-belfast
LAXAB;ac-hotel-beverly-hills
BOMRT;the-fern-residency-navi-mumbai-turbhe-series
HAMDT;hamburg-marriott-hotel
SGNMD;le-meridien-saigon
KGLFP;four-points-kigali
LPLDE;delta-hotels-liverpool-city-centre
SHATM;taicang-marriott-hotel
SCLSI;sheraton-santiago-hotel-and-convention-center
JLPAR;ac-hotel-ambassadeur-antibes-juan-les-pins
BOINT;towneplace-suites-nampa
KOAWI;the-westin-hapuna-beach-resort
TRIBH;springhill-suites-boone
PHXMF;fairfield-inn-and-suites-phoenix-mesa-east
YXEDS;delta-hotels-saskatoon-downtown
CWLDT;cardiff-marriott-hotel
AGPMB;marriotts-marbella-beach-resort
PHXSV;springhill-suites-phoenix-west-avondale
WASOA;ac-hotel-reston
BUETX;recoleta-grand-buenos-aires-a-tribute-portfolio-hotel
YYTDS;delta-hotels-st-johns-conference-centre
CUEFP;four-points-cuenca
OVDGI;ac-hotel-gijon
ESBBU;four-points-flex-ankara-cukurambar
ATWSH;springhill-suites-appleton
CIDFN;fairfield-inn-and-suites-cedar-rapids-north
AUHXR;the-st-regis-saadiyat-island-resort-abu-dhabi
DRSOX;moxy-dresden-neustadt
KMGPD;four-points-kunming-downtown
PVRWH;w-punta-de-mita
BHXDE;delta-hotels-birmingham
VCEEU;elizabeth-unique-venice-a-member-of-design-hotels
BCNGM;sabatic-gava-mar-barcelona-a-tribute-portfolio-hotel
TYOMY;sheraton-miyako-hotel-tokyo
BRUDT;brussels-marriott-hotel-grand-place
HFEBL;fairfield-bengbu-longzihu
JHBSJ;sheraton-johor-bahru
PRCTS;towneplace-suites-prescott-valley
SAVPS;towneplace-suites-savannah-south
YQRFI;fairfield-regina
SZGSH;stiegnhaus-a-member-of-design-hotels
SFOCF;courtyard-san-francisco-fishermans-wharf
KTMOX;moxy-kathmandu
SANCK;hotel-solea-autograph-collection
SCQAK;hotel-palacio-del-carmen-autograph-collection
UYNFI;fairfield-yulin
PVRSI;sheraton-buganvilias-resort-and-convention-center
SEARN;residence-inn-seattle-northgate-station
LASNV;residence-inn-las-vegas-convention-center
DNDDU;four-points-flex-dundee
WUXTP;four-points-wuxi-high-tech-zone
PQCJW;jw-marriott-phu-quoc-emerald-bay-resort-and-spa
OLBSI;cervo-hotel-costa-smeralda-resort
CHIGS;sheraton-grand-chicago-riverwalk
LNZCY;courtyard-linz
YQRRI;residence-inn-regina
LAXAD;courtyard-anaheim-resort-convention-center
CANWI;the-westin-pazhou
SJDJW;jw-marriott-los-cabos-beach-resort-and-spa
TVCRI;residence-inn-traverse-city
ATLUP;four-points-college-park-atlanta-airport
PMIMA;ac-hotel-ciutat-de-palma
MADLC;santo-mauro-a-luxury-collection-hotel-madrid
FRAJW;jw-marriott-hotel-frankfurt
AUHNL;aloft-abu-dhabi
INDNR;residence-inn-indianapolis-noblesville
AMDRA;the-fern-residency-ahmedabad-ellisbridge-series
BOGRI;residence-inn-bogota
ANRCC;the-belson-antwerp-a-tribute-portfolio-hotel
MXLJM;city-express-junior-mexicali
BJXDS;elena-de-cobre-a-member-of-design-hotels
TBSLC;paragraph-freedom-square-a-luxury-collection-hotel-tbilisi
CSGOE;element-opelika-auburn
HGHYF;fairfield-hangzhou-yuhang
MILTX;duo-milan-porta-nuova-a-tribute-portfolio-hotel
DPSLC;the-laguna-a-luxury-collection-resort-and-spa-nusa-dua-bali
MSYTX;le-pavillon-new-orleans-a-tribute-portfolio-hotel
ABEDT;towneplace-suites-allentown-west
YYCCA;delta-hotels-calgary-airport-in-terminal
LONXK;four-points-flex-london-kensington-olympia
MIRMS;sousse-pearl-marriott-resort-and-spa
CHISR;renaissance-chicago-downtown-hotel
EDIDE;delta-hotels-edinburgh
GVAWH;w-verbier
BHMXT;city-express-tuscaloosa
ELPRI;residence-inn-el-paso
BWIAR;residence-inn-annapolis
MGAXE;city-express-managua
GVAAK;grand-hotel-suisse-majestic-autograph-collection
LAXPY;palihouse-west-hollywood-a-member-of-design-hotels
YOWAC;ac-hotel-ottawa-downtown
HOUBK;residence-inn-houston-northwest-willowbrook
LASRV;the-reserve-at-park-mgm-autograph-collection
TIJFI;fairfield-inn-and-suites-tijuana
MADAD;madrid-marriott-auditorium-hotel-and-conference-center
LAPBC;baja-club-hotel-la-paz-baja-california-sur-a-member-of-design-hotels
CZXLF;fairfield-changzhou-liyang
DRTFI;fairfield-inn-and-suites-del-rio
MADPP;madrid-marriott-hotel-princesa-plaza
IAGFP;four-points-st-catharines-niagara-suites
KTMSK;the-soaltee-kathmandu-autograph-collection
WROFP;four-points-wroclaw
HARHM;residence-inn-mechanicsburg
QMDJV;dead-sea-marriott-resort-and-spa
NASCY;courtyard-nassau-downtown-junkanoo-beach
CGQJF;fairfield-changchun-jingyue-high-tech-zone
KWLCD;courtyard-guilin-downtown
BAQMC;barranquilla-marriott-hotel
FLRSV;villa-ermellina-siena-a-tribute-portfolio-hotel
HOULR;residence-inn-houston-nasa-clear-lake
LONMM;montcalm-mayfair-autograph-collection
NCEOA;moxy-antibes-sophia-antipolis
ISTVV;marriott-executive-apartments-istanbul-investvadi
MEXXO;city-express-aeropuerto-ciudad-de-mexico
INNRW;rote-wand-gourmet-hotel-a-member-of-design-hotels
VIEMX;four-points-flex-vienna-mariahilf
IXKFG;the-fern-gir-forest-resort-sasan-gir-series
MEXHD;habita-mexico-city-a-member-of-design-hotels
OKCTY;towneplace-suites-oklahoma-city-yukon
AEIAL;ac-hotel-algeciras
KINAR;ac-hotel-kingston-jamaica
SFOAK;hotel-adagio-autograph-collection
BROTS;towneplace-suites-brownsville
BDOGP;grand-hotel-preanger-bandung-a-tribute-portfolio-hotel
UTPJB;pattaya-marriott-resort-and-spa
MCOHO;marriotts-harbour-lake
BLQPX;four-points-flex-parma
PARST;paris-marriott-rive-gauche-hotel-and-conference-center
FATDC;courtyard-fresno-downtown
KNOCY;courtyard-medan
PBCXT;city-express-tehuacan
DALXS;ac-hotel-dallas-downtown
LONQL;grand-residences-mayfair-london
EUGRS;the-lodge-at-roseburg
YYZDA;delta-hotels-toronto-airport-and-conference-centre
YKDTS;towneplace-suites-kincardine
HOUSX;city-express-spring
GLACM;citizenm-glasgow
MDQSI;sheraton-mar-del-plata-hotel
LONRK;residence-inn-london-kensington
LAXMF;found-hotels-santa-monica-series
SYDMC;sydney-harbour-marriott-hotel-at-circular-quay
BKKWO;bangkok-marriott-hotel-the-surawongse
BJXPL;city-express-plus-leon-centro-de-convenciones
CSXCT;four-points-changsha-tianxin
NQYPO;moxy-plymouth
DPSCY;courtyard-bali-nusa-dua-resort
PNSOH;springhill-suites-orange-beach-gulf-shores
BQKTS;towneplace-suites-brunswick
BJSPS;four-points-beijing-sanlitun-workers-stadium
OLBDE;delta-hotels-olbia-sardinia
LPQPV;la-residence-phou-vao-a-luxury-collection-resort-and-spa-luang-prabang
CTUWF;fairfield-chengdu-wuhou-district-yulin-road
TSNBP;four-points-tianjin-binhai-new-area
BZOHS;hotel-schwarzschmied-a-member-of-design-hotels
EBBMK;kampala-marriott-hotel
CVGKR;residence-inn-kenwood-cincinnati
YHMCY;courtyard-hamilton
VIEIR;imperial-riding-school-autograph-collection
IBRUU;four-points-flex-utsunomiya
OKJYD;yoruya-a-member-of-design-hotels
GRRHT;towneplace-suites-holland
MTYXU;city-express-monterrey-universidad
BJSRP;four-points-beijing-south-railway-station
VGOPA;ac-hotel-palacio-universal
YQRAK;the-hotel-saskatchewan-autograph-collection
EMAPD;delta-hotels-breadsall-priory-country-club
LYAMC;luoyang-marriott-hotel
MADAL;ac-hotel-alcala-de-henares
AQAFP;brt-fp-for-testing-only
KRLBR;renaissance-hotel-korla
ISTAG;orient-occident-hotel-istanbul-autograph-collection
GVASJ;ac-hotel-saint-julien-en-genevois
USHSX;city-centro-ushuaia-argentina
LASLX;luxor-hotel-and-casino-mgm-collection
WUXCF;fairfield-changshu-hi-tech-zone
MILLC;excelsior-hotel-gallia-a-luxury-collection-hotel-milan
USMVL;vana-belle-a-luxury-collection-resort-koh-samui
RBAMC;rabat-marriott-hotel
BKKDT;jw-marriott-hotel-bangkok
PAZDS;azucar-monte-gordo-a-member-of-design-hotels
LONIQ;inhabit-queens-gardens-a-member-of-design-hotels
YIWLE;element-lishui
BZOTA;arua-private-spa-villas-a-member-of-design-hotels
BTSSI;sheraton-bratislava-hotel
HAMSD;side-a-member-of-design-hotels
PAZXT;city-express-tuxpan
GOIRK;kesarval-the-fern-goa-verna-series
CHICD;citizenm-chicago-downtown
EWRSW;springhill-suites-east-rutherford-meadowlands-carlstadt
CHIML;delta-hotels-matteson-chicago
BEGCY;courtyard-belgrade-city-center
LAXMB;marina-del-rey-marriott
PARCA;courtyard-paris-charles-de-gaulle-central-airport
ABISW;towneplace-suites-abilene-southwest
ATLGN;hotel-granada-a-member-of-design-hotels
PXMHH;hotel-humano-a-member-of-design-hotels
VERJT;city-express-junior-tuxtepec
MTHAK;playa-largo-resort-and-spa-autograph-collection
VIESI;hotel-savoyen-vienna
CLTAS;springhill-suites-charlotte-arrowood
HOUMD;courtyard-houston-medical-center-nrg-park
SATJW;jw-marriott-san-antonio-hill-country-resort-and-spa
YIWYF;fairfield-yiwu
SANSU;springhill-suites-chula-vista-eastlake
DENCS;courtyard-denver-downtown-west
MFMLC;londoner-grand-a-luxury-collection-hotel-macao
CPHIF;four-points-flex-ishoj
BCNAK;cotton-house-hotel-autograph-collection
YHZCD;courtyard-halifax-dartmouth
FLLOF;hollywood-beach-marriott
MIARW;residence-inn-miami-west-fl-turnpike
MIDDS;rosas-and-xocolate-merida-a-member-of-design-hotels
MCMCD;riviera-marriott-hotel-la-porte-de-monaco
OSAHU;four-points-flex-osaka-shinsaibashi
DALWD;courtyard-dallas-downtown-reunion-district
DTWDT;detroit-marriott-at-the-renaissance-center
BKKHM;hotel-muse-bangkok-autograph-collection
BUHRO;jw-marriott-bucharest-grand-hotel
AVNDE;hotel-de-tourrel-saint-remy-de-provence-a-member-of-design-hotels
AUSAF;sonder-east-5th-apartments-east-austin
PRNCY;courtyard-prishtina
MEXXL;city-express-cdmx-tlalpan
MRYCE;le-petit-pali-at-8th-ave-a-member-of-design-hotels
MHTHT;towneplace-suites-haverhill
MUCCG;courtyard-munich-garching
DPSWH;w-bali-seminyak
SNAAD;springhill-suites-at-anaheim-resort-convention-center
KULOK;moxy-kuala-lumpur-chinatown
FLLHT;courtyard-fort-lauderdale-airport-and-cruise-port
NYCLX;the-lexington-hotel-autograph-collection
LILAK;lhermitage-gantois-autograph-collection
EXTCY;courtyard-exeter-sandy-park
PARSC;renaissance-paris-hippodrome-de-st-cloud-hotel
RDMXA;city-express-redmond-bend-airport
HOUNS;houston-cityplace-marriott-at-springwoods-village
CHIAB;the-blackstone-autograph-collection
NYCST;sheraton-new-york-times-square-hotel
WUXSP;four-points-suzhou-gusu
MPHBP;four-points-boracay
HGHFW;fairfield-hangzhou-wulin-square-china
VLCAY;grand-hotel-centenari-valencia-autograph-collection
DALSL;sheraton-dallas-hotel-by-the-galleria
OKARR;okinawa-marriott-rizzan-resort-and-spa
MCOIX;city-express-orlando-international-drive
BZOSG;schgaguler-hotel-a-member-of-design-hotels
LONDX;the-dixon-tower-bridge-autograph-collection
MLEFB;finolhu-a-seaside-collection-resort-a-member-of-design-hotels
BSLAH;art-house-basel-a-member-of-design-hotels
LEUTX;hotel-euroski-mountain-resort-and-spa
WUHPO;four-points-wuhan-optics-valley-convention-and-exhibition-center
HOUHA;springhill-suites-houston-hobby-airport
YVRRL;le-meridien-richmond-pinnacle-hotel
PNSFO;fairfield-inn-and-suites-foley
MEXBA;boca-alameda-hotel-mexico-city-autograph-collection
TYSKY;courtyard-kodak-sevierville
DUSEF;four-points-flex-essen
REUMD;le-meridien-ra-beach-hotel-and-spa
GEOTI;courtyard-cheddi-jagan-international-airport-guyana
DXBGH;sheraton-grand-hotel-dubai
GLACG;courtyard-glasgow-sec
MTYXW;city-express-saltillo-sur
BCNOX;moxy-barcelona
YULOX;moxy-montreal-downtown
BRNOX;moxy-bern-expo
BUDHU;budapest-marriott-hotel
BGICY;courtyard-bridgetown-barbados
GVABC;ac-hotel-bulle
LYSDA;aloft-dijon
YYZWH;w-toronto
FRADO;moxy-darmstadt
PBIFW;fairfield-inn-and-suites-wellington-west-palm-beach
HGHFF;fairfield-hangzhou-future-sci-tech-city
DXBVJ;marriott-executive-apartments-jumeirah-lakes-towers-dubai
SNAAF;fairfield-inn-and-suites-anaheim-theme-park-convention-area
CUNMX;marriott-cancun-resort
PARRO;hotel-rochechouart-a-member-of-design-hotels
AMSOX;moxy-amsterdam-houthavens
LONWH;london-marriott-hotel-maida-vale
NYCMW;fairfield-inn-and-suites-new-york-manhattan-times-square-south
DPSWI;the-westin-resort-nusa-dua-bali
FOCJP;four-points-fuzhou-jinan
ZUHMZ;zhuhai-dongao-island-marriott-resort-and-spa
ABQUT;towneplace-suites-albuquerque-uptown
FRATP;the-pure-a-member-of-design-hotels
YHMTS;towneplace-suites-hamilton
LAXPE;palihotel-westwood-village-a-member-of-design-hotels
MCOSW;residence-inn-orlando-at-seaworld
WAWLC;hotel-bristol-a-luxury-collection-hotel-warsaw
BNASW;fairfield-inn-and-suites-nashville-bellevue
ZAGSI;sheraton-zagreb-hotel
MCODO;marriott-orlando-downtown
NYCAK;the-algonquin-hotel-times-square-autograph-collection
PSPDH;drift-palm-springs-a-member-of-design-hotels
SATNL;springhill-suites-san-antonio-medical-center-northwest
WUXTM;suzhou-marriott-hotel-yangcheng-lake
DUBAK;powerscourt-hotel-autograph-collection
LONKB;bankside-hotel-autograph-collection
LAXPM;towneplace-suites-los-angeles-pasadena-monrovia
AVAHU;four-points-anshun-huangguoshu
MANCK;courtyard-keele-staffordshire
BTHNI;the-westin-nirup-island-resort-and-spa
LEJMY;courtyard-magdeburg
NYCRT;renaissance-new-york-times-square-hotel
CKGFN;fairfield-chongqing-nanan-district
YOWFP;four-points-hotel-and-conference-centre-gatineau-ottawa
LYGDP;four-points-lianyungang-downtown
MANSE;stock-exchange-hotel-manchester-autograph-collection
SMFDA;aloft-el-dorado-hills
FLRGG;grotta-giusti-thermal-spa-resort-tuscany-autograph-collection
RDURC;residence-inn-cary-raleigh
UKBXF;four-points-flex-kobe-sannomiya
HHNAK;schloss-lieser-autograph-collection
BZNTW;towneplace-suites-bozeman-west
HUZCS;courtyard-shanwei-haifeng
SBADH;drift-santa-barbara-a-member-of-design-hotels
KULCM;citizenm-kuala-lumpur
IXCNM;noormahal-delhi-ncr-karnal-autograph-collection
CAIMN;marriott-mena-house-cairo
FAYFP;four-points-fayetteville-fort-bragg
MILGL;grand-hotel-locarno-a-luxury-collection-hotel
BKKJR;jubilee-prestige-hotel-ratchadapisek
ROARS;springhill-suites-roanoke-north
LMMXL;city-express-los-mochis
VNOAC;ac-hotel-vilnius
CTABK;mangias-brucoli-sicily-autograph-collection
SXBAL;aloft-strasbourg-city-centre
HAJSI;sheraton-hannover-pelikan-hotel
RDUGS;springhill-suites-raleigh-garner
SWAJM;jieyang-marriott-hotel
MADFE;ac-hotel-madrid-feria
CUNJC;city-express-junior-cancun
STOSI;sheraton-stockholm-hotel
CURAK;the-pyrmont-curacao-an-autograph-collection-all-inclusive-resort-adults-only
MADGV;aloft-madrid-gran-via
ALSSH;springhill-suites-alamosa-downtown
VIELC;hotel-bristol-a-luxury-collection-hotel-vienna
ASUSI;sheraton-asuncion-hotel
PARTX;le-dokhans-paris-arc-de-triomphe-a-tribute-portfolio-hotel
MIAXB;residence-inn-miami-beach-surfside
FRAWI;the-westin-grand-frankfurt
BCNKS;sabatic-sitges-autograph-collection
GDNCY;courtyard-gdynia-waterfront
LCYAP;courtyard-london-city-airport
MCOMS;fairfield-inn-and-suites-orlando-at-millenia
LAXAE;ac-hotel-los-angeles-south-bay
MADKV;circulo-gran-via-autograph-collection
YYZMH;residence-inn-toronto-markham
DHNSH;springhill-suites-dothan
VXEFP;four-points-sao-vicente-resort
AUAAO;marriotts-aruba-ocean-club
HSVMF;fairfield-inn-and-suites-huntsville-madison
PTYER;marriott-executive-apartments-panama-city-finisterre
DUSRP;four-points-flex-ratingen-dusseldorf-airport
CZLMC;constantine-marriott-hotel
VCEAC;ac-hotel-venezia
AVLFH;the-flat-iron-hotel-a-member-of-design-hotels
PHLQC;ac-hotel-newtown-square
SJUIS;marriott-isla-verde-beach-resort
SOFMC;sofia-marriott
CKGJU;four-points-chongqing-jiangjin
DPSNF;fairfield-bali-kuta-ngurah-rai
SATTT;towneplace-suites-san-antonio-northwest-at-the-rim
YXHTS;towneplace-suites-medicine-hat
BGIRC;royalton-vessence-barbados-adult-oriented-an-autograph-collection-all-inclusive-resort
YQARI;residence-inn-gravenhurst-muskoka-wharf
AUSJW;jw-marriott-austin
DALBX;city-express-bonham
HHNKF;four-points-flex-koblenz
TOSOX;moxy-tromso
POPLC;the-ocean-club-a-luxury-collection-resort-costa-norte
AMSSI;sheraton-amsterdam-airport-hotel-and-conference-center
ELQEL;element-al-qassim
ZUHEH;element-yangjiang-hailing-island
SZGMX;four-points-flex-salzburg-messe
TLCTM;courtyard-toluca-tollocan
PTYRH;renaissance-panama-city-hotel
BOMRF;the-fern-fayms-resort-naigaon-series
YOOTS;towneplace-suites-oshawa
SANSM;springhill-suites-san-diego-mission-valley
BUEEM;marriott-buenos-aires-ezeiza-airport
MTYFP;four-points-by-sheraton-galerias-monterrey
DXBHR;dubai-marriott-harbour-hotel-and-suites
HOUDJ;jw-marriott-houston-downtown
MRYCO;le-petit-pali-at-ocean-ave-a-member-of-design-hotels
CGIST;towneplace-suites-sikeston
JAIRN;the-fern-nest-resort-jaipur-series
LILOX;moxy-lille-city
JMKMT;mykonos-theoxenia-a-member-of-design-hotels
LAXEF;hotel-850-svb-a-member-of-design-hotels
ASEWH;w-aspen
YHZOX;moxy-halifax-downtown
DENXA;city-express-denver-airport
TYNJS;sheraton-jinzhong
MIACS;courtyard-miami-airport
MTYWI;the-westin-monterrey-valle
YYJVO;delta-hotels-victoria-ocean-pointe-resort
LOPIL;innit-lombok-a-member-of-design-hotels
YYCXA;calgary-airport-marriott-in-terminal-hotel
NYCPS;fairfield-inn-and-suites-new-york-midtown-manhattan-penn-station
HOUAL;aloft-houston-by-the-galleria
HAMOA;moxy-hamburg-altona
GLACA;courtyard-glasgow-airport
DAYTH;springhill-suites-troy-dayton
TIJPE;city-express-plus-ensenada
YVRWC;the-westin-wall-centre-vancouver-airport
CTMXC;city-express-chetumal
HAMTG;the-george-hotel-a-member-of-design-hotels
RMUCP;ac-hotel-cartagena
BWIRP;residence-inn-bwi-airport
XRYLI;ac-hotel-la-linea
YTYSF;fairfield-yangzhou-slender-west-lake
SZXPB;four-points-shenzhen-bay
DXBPM;marriott-hotel-production-city-dubai
MIABS;the-shelborne-by-proper-a-member-of-design-hotels
MLOWC;domes-white-coast-milos
DUBSP;citizenm-dublin-st-patricks
EWRUF;fairfield-inn-and-suites-union
CCSAP;venezuela-marriott-hotel-playa-grande
MCOJB;jw-marriott-orlando-bonnet-creek-resort-and-spa
JHBJW;jw-marriott-hotel-johor-bahru
YOWFA;fairfield-inn-and-suites-ottawa-airport
BCNIR;ac-hotel-irla
NAVMC;cappadocia-marriott-hotel
MEXPU;city-express-plus-ciudad-de-mexico-patio-universidad
MTYAS;ac-hotel-saltillo
MEXXB;city-express-tlalnepantla
WUHDU;four-points-wuhan-dongxihu
LONOR;moxy-london-excel
BNAMT;towneplace-suites-murfreesboro
MHKEF;fairfield-inn-and-suites-emporia
MCOCV;residence-inn-orlando-convention-center
TAMPT;city-express-plus-tampico
MCOKC;walt-disney-world-swan-reserve
DUSSE;sheraton-essen-hotel
COKIC;courtyard-kochi-infopark
NYCQT;towneplace-suites-new-york-long-island-city-manhattan-view
WROEL;element-wroclaw
PENTM;the-millen-penang-autograph-collection
SHANS;sheraton-shanghai-north-bund
EGESM;sheraton-mountain-vista-villas-avon-vail-valley
PRGSP;sir-prague-a-member-design-hotels
ISTKA;aloft-istanbul-karakoy
MCOXW;springhill-suites-orlando-theme-parks-lake-buena-vista
BRUER;marriott-executive-apartments-brussels-european-quarter
BKWFH;hill-hall-hotel-a-member-of-design-hotels
MUCMS;courtyard-oberpfaffenhofen-munich-south
LONST;citizenm-london-shoreditch
URCEP;four-points-urumqi-economic-development-zone
BRSOX;moxy-bristol
NYCSM;springhill-suites-new-york-midtown-manhattan-fifth-avenue
DTMBO;moxy-bochum
SJODE;delta-hotels-san-jose-aurola
SZXQP;four-points-shenzhen-qianhai-cbd
MIAHD;springhill-suites-miami-downtown-medical-center
VVITX;los-tajibos-santa-cruz-de-la-sierra-a-tribute-portfolio-hotel
GDLPA;four-points-guadalajara
LASNY;new-york-new-york-hotel-and-casino-mgm-collection
AMSMA;citizenm-amsterdam-amstel
YNZFP;four-points-yancheng-jianhu
CURCY;courtyard-curacao
NYCMR;the-moore-a-member-of-design-hotels
CGNCY;courtyard-cologne
ATQFP;four-points-amritsar-mall-road
SATMC;courtyard-san-antonio-medical-center
MZTCY;courtyard-mazatlan-beach-resort
MEXCY;courtyard-mexico-city-airport
DALPP;springhill-suites-coppell-dfw-airport-north
PMIAK;hacienda-son-antem-golf-resort-autograph-collection
CTUPH;four-points-chengdu-high-tech-zone-exhibition-center
CHIMQ;marriott-marquis-chicago
SHAHC;courtyard-shanghai-hongkou
DENRH;the-ramble-hotel-a-member-of-design-hotels
CHIFD;fairfield-inn-and-suites-chicago-downtown-magnificent-mile
SFOXR;the-st-regis-san-francisco
BJSHM;beijing-marriott-hotel-huairou
DALMT;dallas-marriott-suites-medical-market-center
PARWA;hotel-wallace-a-member-of-design-hotels
HKGCY;courtyard-hong-kong
QROSQ;city-express-suites-queretaro
SANSH;springhill-suites-san-diego-rancho-bernardo-scripps-poway
LITNT;towneplace-suites-north-little-rock
JEDDE;delta-hotels-jeddah-al-salam
GSOHH;springhill-suites-high-point-downtown
PARBT;le-parchamp-paris-boulogne-a-tribute-portfolio-hotel
YXUDL;delta-hotels-london-armouries
HOUXN;residence-inn-houston-west-beltway-8-at-clay-road
JKTBP;four-points-bekasi
DALDH;sheraton-dallas-hotel
FRAMD;le-meridien-frankfurt
GDLWI;the-westin-guadalajara
BZOHG;hotel-greif-a-member-of-design-hotels
TYSXE;city-express-knoxville
HKTNP;the-naka-phuket-a-member-of-design-hotels
DALDF;courtyard-dallas-frisco
MEXMC;mexico-city-marriott-reforma-hotel
OKACR;courtyard-okinawa-resort
YYZVN;courtyard-toronto-vaughan
YYCFI;fairfield-inn-and-suites-calgary-downtown
YYZSI;sheraton-parkway-toronto-north-hotel-and-suites
LJGAL;the-arcadiaplace-lugu-lake-a-member-of-design-hotels
LAXWF;four-points-los-angeles-westside
PARWG;renaissance-paris-arc-de-triomphe-hotel
RMQLB;yong-le-lukang-a-tribute-portfolio-hotel
PVRWA;the-westin-playa-vallarta-an-all-inclusive-resort
VERFP;four-points-by-sheraton-veracruz
CJSJJ;city-express-junior-ciudad-juarez-consulado
HRLFI;fairfield-inn-and-suites-harlingen
LISPT;lisbon-marriott-hotel
PENMH;iconic-marjorie-hotel-penang-a-tribute-portfolio-hotel
DALGW;the-westin-galleria-dallas
PSRSA;sextantio-albergo-diffuso-a-member-of-design-hotels
IAHWI;the-westin-at-the-woodlands
MUCAP;four-points-munich-arabellapark
SMSVO;voaara-a-member-of-design-hotels
BCNHP;le-palacete-hotel-gracia-district-sonder
MEXSA;city-express-suites-ciudad-de-mexico-anzures
AMSAA;courtyard-amsterdam
CHILH;springhill-suites-lincolnwood
LYIPC;four-points-linyi-city-center
CHIAL;aloft-chicago-ohare
LAXHC;courtyard-los-angeles-lax-hawthorne
BRISG;sextantio-le-grotte-della-civita-a-member-of-design-hotels
BLRUB;marriott-executive-apartments-bengaluru-ub-city
ISTXA;four-points-flex-istanbul-airport
FLLAS;ac-hotel-fort-lauderdale-sawgrass-mills-sunrise
XIYPH;four-points-xian-high-tech-zone
BHMLH;springhill-suites-leeds
BJSPF;four-points-beijing-fangshan
HMOXG;city-express-guaymas
ILMEL;element-wilmington
PARLC;prince-de-galles-a-luxury-collection-hotel-paris
MCOCY;marriotts-cypress-harbour-villas
BLRRB;the-fern-residency-bengaluru-yeshwanthpur-series
YQBCQ;courtyard-quebec-city
PEGEU;eremito-a-member-of-design-hotels
BJSHS;sheraton-beijing-haidian
KLXMM;manna-a-member-of-design-hotels
YQUDE;delta-hotels-grande-prairie-airport
MIAWM;w-miami
CJSXJ;city-express-ciudad-juarez
MIASA;towneplace-suites-miami-airport
ILMAW;arrive-wilmington-a-member-of-design-hotels
TAOCE;four-points-qingdao-chengyang-east
SINWI;the-westin-singapore
LGWGS;lingfield-park-marriott-hotel-and-country-club
FUOSC;courtyard-shunde
PTYKP;the-buenaventura-golf-and-beach-resort-panama-autograph-collection
MEXNA;courtyard-mexico-city-toreo
SZXDF;fairfield-shenzhen-dameisha
JANHC;postcard-cabins-homochitto-outdoor-collection-bonvoy
MCNPF;fairfield-inn-and-suites-perry-georgia-national-fairgrounds
MIAMN;residence-inn-miami-airport-west-doral
CHIDT;chicago-marriott-downtown-magnificent-mile
DALAS;residence-inn-dallas-addison-quorum-drive
CULMC;culiacan-marriott-hotel
YXUCY;courtyard-london
SJOSL;santa-lucia-jungle-hacienda-costa-rica-autograph-collection
MHTHF;fairfield-inn-and-suites-haverhill
FMOMM;mauritzhof-hotel-muenster-a-member-of-design-hotels
CSXNF;fairfield-ningxiang
TIJME;mira-earth-studios-valle-de-guadalupe-a-member-of-design-hotels
AGUMC;aguascalientes-marriott-hotel
BDQRV;the-fern-residency-vadodara-series
PARGN;clubtrotteur-paris-a-tribute-portfolio-hotel
FLRFI;ac-hotel-firenze
TLCJI;city-express-junior-toluca-zona-industrial
AUSCM;citizenm-austin-downtown
PAZDR;maison-couturier-san-rafael-a-member-of-design-hotels
MIAZS;citizenm-miami-south-beach
AUSCD;courtyard-austin-downtown-convention-center
WUXSR;marriott-executive-apartments-suzhou
MILRI;residence-inn-milano-linate
CGNQH;the-qvest-hideaway-a-member-of-design-hotels
YLWFW;fairfield-inn-and-suites-west-kelowna
BKWFF;fairfield-inn-and-suites-beckley
SYRFR;fairfield-inn-and-suites-rome-ny
NCESI;sheraton-nice
YVRRA;residence-inn-vancouver-airport
PHXZF;fairfield-inn-and-suites-surprise-prasada
MEXDS;condesa-df-mexico-city-a-member-of-design-hotels
MIAKC;cadillac-hotel-and-beach-club-autograph-collection
WASOR;residence-inn-reston
SHAHQ;fairfield-shanghai-hongqiao-airport-qibao
EWRMY;courtyard-mahwah
MIADD;miami-marriott-dadeland
ZUHSF;fairfield-zhongshan-sunwen-east-road
ISTTR;marriott-executive-apartments-istanbul-tema-world
SJUAC;ac-hotel-san-juan-condado
MIADA;marriotts-villas-at-doral
SVQCI;ac-hotel-ciudad-de-sevilla
NYCMT;courtyard-new-york-manhattan-soho
HAJGF;four-points-flex-goettingen
FLLCP;courtyard-fort-lauderdale-north-cypress-creek
SFOFU;citizenm-san-francisco-union-square
LASPE;element-las-vegas-symphony-park
KMGAP;four-points-kunming-changshui-airport
TGZXC;city-express-comitan
SDFEI;residence-inn-elizabethtown
CSXPF;four-points-changsha-south-station
BJSWS;four-points-beijing-west-station
ACHRR;rocksresort-a-member-of-design-hotels
NCLNU;four-points-flex-newcastle
CUNXP;city-express-playa-del-carmen
PHLTX;the-warwick-hotel-rittenhouse-square-philadelphia
BDQRG;the-fern-residency-godhra-series
CUNHV;royalton-hideaway-riviera-cancun-an-autograph-collection-all-inclusive-resort-adults-only
MIALA;aloft-miami-airport
CVMXV;city-express-ciudad-victoria
BOSSV;the-row-hotel-at-assembly-row-autograph-collection
YQBTR;residence-inn-trois-rivieres
SCLXO;city-express-santiago-aeropuerto-chile
WUXSJ;fairfield-suzhou-jinji-lake
KWLYF;fairfield-yangshuo
LIRHB;hotel-belmar-a-member-of-design-hotels
MILDV;hotel-viu-milan-a-member-of-design-hotels
CMEYC;courtyard-ciudad-del-carmen-campeche
VCECY;courtyard-venice-airport
TRNTO;ac-hotel-torino
BJSSP;four-points-beijing-south-railway-station-the-temple-of-heaven-park
AQAOF;test-marriott-hotel-for-alpha
OAKRR;residence-inn-berkeley
SATSA;springhill-suites-san-antonio-airport
ABZRI;residence-inn-aberdeen
PMEHA;portsmouth-marriott-hotel
FUOCF;courtyard-foshan
FRAWB;courtyard-wiesbaden-nordenstadt
ZUHXP;four-points-zhuhai-xiangzhou
SJORI;residence-inn-san-jose-escazu
LIMWI;the-westin-lima-hotel-and-convention-center
VIEFG;courtyard-vienna-prater-messe
DENCN;studiores-denver-tech-center
RFDDF;fairfield-inn-and-suites-dixon
BDQFV;the-fern-vadodara-series-
GYDCY;courtyard-baku
CKGNP;four-points-chongqing-nanchuan
YHZRI;residence-inn-halifax-downtown
CHILR;residence-inn-lincolnwood
PUJAC;ac-hotel-punta-cana
SATRD;residence-inn-san-antonio-riverwalk
BJSIP;four-points-beijing-xidan
PARMD;le-meridien-etoile
YYZLD;bisha-a-luxury-collection-hotel-toronto
QROCY;courtyard-queretaro
AUSAK;the-otis-hotel-austin-autograph-collection
BRURI;residence-inn-brussels-airport
MEXPG;city-express-plus-ciudad-de-mexico-reforma-el-angel
MIAAW;ac-hotel-miami-wynwood
NOGXN;city-express-nogales
UKBMC;kobe-marriott-hotel
SINEB;the-singapore-edition
RGSBU;ac-hotel-burgos
BNATT;towneplace-suites-tullahoma
JGSFI;fairfield-jian-anfu
ISTCF;casa-foscolo-hotel-istanbul-a-member-of-design-hotels
YYCXD;courtyard-calgary-downtown
NYCSK;springhill-suites-new-york-midtown-manhattan-park-avenue
SFOWH;w-san-francisco
FATHF;fairfield-inn-and-suites-hanford
DXBBM;le-royal-meridien-beach-resort-and-spa
STVRD;the-fern-seaside-luxurious-tent-resort-daman-series
YYZFS;fairfield-inn-and-suites-toronto-airport
LONWB;the-wellesley-knightsbridge-a-luxury-collection-hotel-london
SALCX;city-centro-san-salvador
INNAC;ac-hotel-innsbruck
SJOJW;jw-marriott-guanacaste-resort-and-spa
CHILD;le-meridien-essex-chicago
DATFI;fairfield-datong
CTADE;delta-hotels-giardini-naxos
YNTFH;fairfield-yantai
YULRB;residence-inn-bromont
CMHMD;the-capital-suites-hotel
ZHAMP;four-points-maoming
BCNHL;casa-luz-hotel-placa-universitat-sonder
LTNCY;courtyard-luton-airport
SHAFG;four-points-shanghai-fengjing
LONRI;residence-inn-london-bridge
SNATS;towneplace-suites-anaheim-maingate-near-angel-stadium
MCOFP;four-points-by-sheraton-orlando-international-drive
EDIWH;w-edinburgh
PARLP;le-pigalle-a-member-of-design-hotels
DROAC;ac-hotel-durango
CLJCY;courtyard-cluj-napoca-downtown
CBGAK;university-arms-hotel-autograph-collection
CPEXP;city-express-campeche
WASRI;residence-inn-washington-dc-dupont-circle
YEGFI;fairfield-inn-and-suites-edmonton-north
IZTXS;city-express-salina-cruz
PUJSM;marriott-miches-beach-an-all-inclusive-resort
XICQP;four-points-xichang-qionghai
PIOLC;hotel-paracas-a-luxury-collection-resort-paracas
ATLLH;springhill-suites-locust-grove
JJNFF;fairfield-quanzhou-fengze
YYZMX;residence-inn-toronto-mississauga-west
USMWH;w-koh-samui
MXLFI;fairfield-inn-and-suites-mexicali
MSPXE;city-express-minneapolis-airport
MLACG;cugo-gran-macina-malta-a-member-of-design-hotels
PUJRO;royalton-punta-cana-an-autograph-collection-all-inclusive-resort-and-casino
AUHMD;le-meridien-abu-dhabi
ATLJW;jw-marriott-atlanta-buckhead
MEXFP;four-points-by-sheraton-mexico-city-colonia-roma
GEGFA;fairfield-inn-and-suites-spokane-airport
WAWCY;courtyard-warsaw-airport
YVRVS;sheraton-vancouver-airport-hotel
STROO;moxy-outletcity-metzingen
PMILC;castillo-hotel-son-vida-a-luxury-collection-hotel-mallorca
PBISG;palm-beach-marriott-singer-island-beach-resort-and-spa
YYZMQ;courtyard-mississauga-airport-corporate-centre-west
BDQRS;the-fern-sardar-sarovar-resort-ekta-nagar-series
CHIVT;towneplace-suites-romeoville
ELPER;residence-inn-el-paso-east
CURBR;renaissance-wind-creek-curacao-resort
GOIBR;renaissance-goa-baga-arpora-hotel
FLRHE;the-excelsior-a-luxury-collection-hotel-florence
YXETS;towneplace-suites-saskatoon
BNACR;studiores-clarksville
ABQLF;fairfield-inn-and-suites-los-lunas
SANGL;san-diego-marriott-gaslamp-quarter
AATFF;fairfield-altay-fuhai
MUCLB;flesslers-lenggries-a-tribute-portfolio-hotel
BUESI;sheraton-pilar-hotel-and-convention-center
MZTPM;city-express-plus-mazatlan
YYCAP;courtyard-calgary-airport
YQBLF;four-points-levis-convention-centre
TYOLC;the-prince-gallery-tokyo-kioicho-a-luxury-collection-hotel
GDLAG;aloft-guadalajara-sur
XNASH;springhill-suites-fayetteville
FRAOR;moxy-frankfurt-city-center
ROMPV;palazzo-velabro-a-member-of-design-hotels
RSWSB;marriott-sanibel-harbour-resort-and-spa
SHEYC;courtyard-shenyang
BOMNM;le-meridien-navi-mumbai
BERJW;jw-marriott-hotel-berlin
HGHSF;sheraton-hangzhou-fuyang
ORNFP;four-points-oran
PARDT;paris-marriott-champs-elysees-hotel
RNORS;residence-inn-reno-south
MADPA;hospes-puerta-de-alcala-a-member-of-design-hotels
CKGJP;four-points-chongqing-jiulongpo
CHIAA;aloft-chicago-mag-mile
CGISF;fairfield-inn-and-suites-sikeston
STLAC;ac-hotel-st-louis-clayton
EDIMH;edinburgh-marriott-hotel-holyrood
FRAMZ;ac-hotel-mainz
SATFN;fairfield-inn-and-suites-san-antonio-north-stone-oak
CLTDX;moxy-charlotte-downtown
PGHRJ;debus-the-fern-resort-and-spa-jim-corbett-series-
CZXYC;courtyard-changzhou-china
ROMPA;the-pantheon-iconic-rome-hotel-autograph-collection
TAOBR;renaissance-qingdao-hotel
YYZVF;four-points-mississauga-meadowvale
HKTMD;le-meridien-phuket-beach-resort
BKKPU;four-points-bangkok-ploenchit-sukhumvit
HANHP;four-points-ha-giang
XNARI;residence-inn-fayetteville
NCEOX;moxy-nice
NCEMD;le-meridien-nice
CZMWI;the-westin-cozumel
SDQGW;renaissance-santo-domingo-jaragua-hotel-and-casino
MLAMC;malta-marriott-hotel-and-spa
BRUCY;courtyard-brussels
SATDS;springhill-suites-san-antonio-alamo-plaza-convention-center
PARDP;marriotts-village-dile-de-france
LHRWD;delta-hotels-heathrow-windsor
TIJXI;city-express-tijuana-insurgentes
ZUHCY;courtyard-zhuhai
SNAAR;residence-inn-at-anaheim-resort-convention-center
CPHNF;four-points-flex-copenhagen-arena
OLBMK;mangias-sardinia-resort-autograph-collection
XIYFY;fairfield-xian-dayan-pagoda
YYJMC;victoria-marriott-inner-harbour
MSPFK;fairfield-inn-and-suites-minneapolis-shakopee
MIASX;the-goodtime-hotel-miami-beach-a-tribute-portfolio-hotel
HNAMU;four-points-flex-morioka
HAMKL;louis-c-jacob-hamburg-autograph-collection
BGITY;crystal-cove-barbados-a-tribute-portfolio-all-inclusive-resort
MUCAK;the-dean-munich-autograph-collection
OVDFO;ac-hotel-oviedo-forum
KULSY;courtyard-subang
SLWAK;casa-mayor-saltillo-hotel-hacienda
YIHSM;le-meridien-yichang-sanxia
LBBFD;fairfield-inn-and-suites-lubbock-downtown
TPESX;sheraton-new-taipei-xinzhuang
MEXPE;city-express-plus-santa-fe
CPTAR;ac-hotel-cape-town-waterfront
DADMC;hoi-an-marriott-resort-and-spa
SELDP;jw-marriott-dongdaemun-square-seoul
ALGMC;algiers-marriott-hotel-bab-ezzouar
KHGFP;four-points-kashgar
WASCF;fairfield-inn-and-suites-clinton
RNOTL;marriotts-timber-lodge
MDZSI;sheraton-mendoza-hotel
YYGDP;delta-hotels-prince-edward
HEVHU;ac-hotel-huelva
CZXZM;zhenjiang-marriott-hotel
MIACL;aloft-coral-gables
LAXBW;the-westin-bonaventure-hotel-and-suites-los-angeles
BOGPT;four-points-tequendama-bogota
KULPC;ac-hotel-puchong
MIAJW;jw-marriott-miami
BSLMC;basel-marriott-hotel
MCOTE;towneplace-suites-orlando-near-universal
ECPRI;residence-inn-panama-city-beach-pier-park
ACYBG;borgata-hotel-casino-and-spa-mgm-collection
HOURD;residence-inn-houston-downtown-convention-center
PBIRH;renaissance-boca-raton-hotel
SNAWI;the-westin-south-coast-plaza-costa-mesa
LPASP;seaside-palm-beach-a-member-of-design-hotels
LENAC;ac-hotel-leon-san-antonio
MRUTB;the-westin-turtle-bay-resort-and-spa-mauritius
GVADC;chandolin-boutique-hotel-a-member-of-design-hotels
SJDNB;nest-baja-a-member-of-design-hotels
YYZAE;four-points-toronto-airport-east
PBCDS;la-purificadora-puebla-a-member-of-design-hotels
SATMR;residence-inn-san-antonio-north-stone-oak
KMGCP;four-points-kunming-chenggong
DALCY;courtyard-irving-las-colinas
BDLHP;towneplace-suites-hadley-amherst
EHUDF;fairfield-huangshi-development-zone
CANCW;four-points-guangzhou-changlong-wanbo-business-district
SANCD;courtyard-san-diego-downtown
ILPSE;le-domaine-oro-series
BOGFP;four-points-by-sheraton-bogota
UDRMC;udaipur-marriott-hotel
BLRWB;trinity-whitefield-bengaluru
SZXNB;the-mercury-garden-shenzhen-nanshan-a-tribute-portfolio-hotel
FLRFP;four-points-siena
SINJW;jw-marriott-hotel-singapore-south-beach
HMOXE;city-express-hermosillo-expo
BDLMG;mgm-springfield
YVRJW;jw-marriott-parq-vancouver
BJSYC;courtyard-beijing-yanqing
FRAOP;four-points-offenbach-plaza
DALNC;ac-hotel-dallas-by-the-galleria
NOGXC;city-express-cananea
CTUBX;renaissance-chengdu-tianfu-new-area-hotel
FRAOE;moxy-frankfurt-eschborn
ZRHOX;moxy-rapperswil
LIRWH;w-costa-rica-reserva-conchal
SJOCR;costa-rica-marriott-hotel-hacienda-belen
SHAKA;aloft-kunshan-dianshan-lake
YGKCY;courtyard-kingston-highway-401-division-street
BDSPD;palazzo-daniele-a-member-design-hotels
YULSI;le-centre-sheraton-montreal-hotel
SLMDS;hospes-palacio-de-san-esteban-salamanca-a-member-of-design-hotels
YTYSP;four-points-yangzhou-slender-west-lake-road
HOUHT;towneplace-suites-humble-intercontinental-airport
FLLWC;courtyard-fort-lauderdale-weston
NYCCE;courtyard-new-york-manhattan-chelsea
MDETX;loma-medellin-a-tribute-portfolio-hotel
YBPCY;courtyard-yibin
STNGS;hanbury-manor-marriott-hotel-and-country-club
FNTGB;towneplace-suites-flint-grand-blanc
LASFI;fairfield-inn-las-vegas-convention-center
SHAHA;aloft-shanghai-hongqiao
FLRAK;sina-villa-medici-autograph-collection
LYSOX;moxy-lyon-airport
CPHRP;citizenm-copenhagen-radhuspladsen
LAXOC;fairfield-anaheim-resort
KINCY;courtyard-kingston-jamaica
SFOST;marin-hilltop-hotel
PMICN;concepcio-by-nobis-palma-a-member-of-design-hotels
SELJW;jw-marriott-hotel-seoul
RQSFP;four-points-barrie
ATHPH;perianth-hotel-a-member-of-design-hotels
AGUFI;fairfield-inn-and-suites-aguascalientes
DUBCG;the-college-green-hotel-dublin-autograph-collection
EWRSL;sheraton-lincoln-harbor-hotel
MIDXM;city-express-merida
STRKH;moxy-kupferzell-hohenlohe
SINFP;four-points-singapore-riverview
SGUZB;red-cliffs-lodge-zion-a-tribute-portfolio-hotel
DXBMW;w-dubai-mina-seyahi
BOSNE;courtyard-boston-downtown-north-station
DXBSG;sheraton-dubai-investment-park
CPHAC;ac-hotel-bella-sky-copenhagen
YYTFI;fairfield-inn-and-suites-st-johns-newfoundland
BERMC;berlin-marriott-hotel
BOSBM;le-meridien-boston-cambridge
CKGFP;four-points-chongqing
VCEVM;four-points-venice-mestre
CUUDC;delta-hotels-chihuahua
TLCCY;courtyard-toluca-airport
YYZBT;towneplace-suites-barrie
DSSFP;four-points-dakar-diamniadio
MCIFL;fairfield-inn-and-suites-kansas-city-at-the-legends
MDEFP;four-points-medellin
SJUAL;aloft-san-juan
YWGDW;delta-hotels-winnipeg
NUEOX;moxy-wuerzburg
PASPP;parilio-a-member-of-design-hotels
MDEWM;wake-medellin-a-member-of-design-hotels
MCMMD;le-meridien-beach-plaza
LONWI;the-westin-london-city
ACCFP;four-points-accra-kotoka-airport
LONMK;montcalm-royal-london-house-autograph-collection
DRSAK;gewandhaus-dresden-autograph-collection
CHIWI;the-westin-michigan-avenue-chicago
BUDWH;w-budapest
HKTFP;four-points-phuket-patong-beach-resort
NUEAC;ac-hotel-wuerzburg
LASDL;w-las-vegas
EUGCX;city-express-corvallis
YQBMC;quebec-city-marriott-downtown
MEXJS;city-express-junior-ciudad-de-mexico-zona-reforma
HNLKS;sheraton-princess-kaiulani
MIADT;courtyard-miami-downtown-brickell-area
GSPSF;fairfield-inn-and-suites-spartanburg-downtown
AMDRS;the-fern-residency-ahmedabad-subhash-bridge-series
JAXRS;studiores-jacksonville-orange-park
HOUSP;towneplace-suites-stafford-sugar-land
NYCLM;fairfield-inn-new-york-manhattan-financial-district
DUBOX;moxy-dublin-city
YQFTS;towneplace-suites-red-deer
BTVWT;towneplace-suites-williston
WASFB;courtyard-washington-dc-foggy-bottom
MSNSO;madison-marriott-south
KMGGU;four-points-kunming-guandu
KTWCY;courtyard-katowice-city-center
LNKYF;fairfield-inn-and-suites-york
CGQUW;four-points-changchun-west
BKKEA;sathorn-vista-bangkok-marriott-executive-apartments
EDILG;the-edinburgh-grand-a-luxury-collection-hotel-edinburgh
ONTCL;residence-inn-claremont
JAXYX;city-express-yulee
SBAOT;towneplace-suites-ventura-oxnard
NYCVC;marriott-vacation-club-new-york-city
JAXAE;ac-hotel-jacksonville-st-johns-town-center
NYCZW;the-westin-new-york-grand-central
GRBPT;towneplace-suites-de-pere-green-bay
SLPCS;courtyard-san-luis-potosi-los-lagos
CHQKT;tella-thera-a-member-of-design-hotels
AALXF;four-points-flex-aalborg
VIERI;residence-inn-vienna-city-east
STROX;moxy-stuttgart-airport-messe
YYZPX;city-express-port-hope-cobourg
GUAWI;the-westin-camino-real-guatemala
FLLBR;renaissance-fort-lauderdale-marina-hotel
NUESI;sheraton-carlton-hotel-nuernberg
EASLC;hotel-maria-cristina-a-luxury-collection-hotel-san-sebastian
SBAHS;corque-hotel-solvang-a-tribute-portfolio-hotel
YINFP;four-points-yining
OPOLG;forte-de-gaia-autograph-collection
BZOVR;1477-reichhalter-a-member-of-design-hotels
MIATX;royal-palm-south-beach-miami-a-tribute-portfolio-resort
SJUAO;alma-san-juan-puerto-rico-autograph-collection
MJVMU;ac-hotel-murcia
SATWO;residence-inn-san-antonio-seaworld-westover-hills
LAXAP;los-angeles-airport-marriott
BTSAR;ac-hotel-bratislava-old-town
BURPA;ac-hotel-pasadena
CGNOA;moxy-cologne-bonn-airport
NYCEX;jw-marriott-essex-house-new-york
MUCOX;moxy-munich-airport
GRICF;fairfield-inn-and-suites-columbus
LAXDK;hotel-per-la-autograph-collection
AMDFL;the-fern-sattva-resort-little-rann-of-kutch-series
ALGSI;sheraton-club-des-pins-resort
MCOWF;fairfield-inn-and-suites-orlando-international-drive-convention-center
NYCMF;four-points-manhattan-midtown-west
PVRXR;the-st-regis-punta-mita-resort
ICTAD;ac-hotel-wichita-downtown
ALCEA;ac-hotel-elda
WASRR;residence-inn-arlington-rosslyn
AMSNT;amsterdam-marriott-hotel
GOPCY;courtyard-gorakhpur
NYCOF;moxy-nyc-downtown
SHAMP;shanghai-marriott-hotel-parkview
BCNCB;condes-barcelona-autograph-collection
AUSSN;springhill-suites-austin-the-domain-area
AATJP;four-points-altay-city
SAVRR;residence-inn-richmond-hill
RJKCK;the-isolano-cres-autograph-collection
NCEJW;jw-marriott-cannes
GVAVB;modern-times-hotel-vevey-a-tribute-portfolio-hotel
VSAJV;city-express-junior-villahermosa
YULRL;residence-inn-laval
PARCF;courtyard-paris-la-defense-west-colombes
FLLPB;residence-inn-fort-lauderdale-pompano-beach-oceanfront
SHSJP;four-points-jingzhou-downtown
YEGRW;residence-inn-edmonton-west
XUZTS;sheraton-tengzhou
SHAKP;four-points-kunshan
